timeOpen;timeClose;timeHigh;timeLow;name;open;high;low;close;volume;marketCap;timestamp
"2025-01-01T00:00:00.000Z";"2025-01-01T23:59:59.999Z";"2025-01-01T01:01:00.000Z";"2025-01-01T09:42:00.000Z";"2781";1.8580159009;1.9146394479;1.7609976129;1.8545188207;262535096.47;1852376367.45;"2025-01-01T23:59:59.999Z"
"2024-12-31T00:00:00.000Z";"2024-12-31T23:59:59.999Z";"2024-12-31T15:05:00.000Z";"2024-12-31T05:22:00.000Z";"2781";1.8235525017;1.9442936655;1.7368641272;1.8580159009;375019774.06;1855869408.42;"2024-12-31T23:59:59.999Z"
"2024-12-30T00:00:00.000Z";"2024-12-30T23:59:59.999Z";"2024-12-30T12:28:00.000Z";"2024-12-30T16:54:00.000Z";"2781";1.8344519308;1.9301720744;1.7849935376;1.8235513934;327840381.57;1821444718.47;"2024-12-30T23:59:59.999Z"
"2024-12-29T00:00:00.000Z";"2024-12-29T23:59:59.999Z";"2024-12-29T01:04:00.000Z";"2024-12-29T22:25:00.000Z";"2781";1.9217971681;1.9447805023;1.8159881805;1.8344519308;186241890.87;1832332663.35;"2024-12-29T23:59:59.999Z"
"2024-12-28T00:00:00.000Z";"2024-12-28T23:59:59.999Z";"2024-12-28T17:23:00.000Z";"2024-12-28T01:37:00.000Z";"2781";1.8216200096;1.9646924298;1.801724122;1.921764023;237129796.1;1919543888.23;"2024-12-28T23:59:59.999Z"
"2024-12-27T00:00:00.000Z";"2024-12-27T23:59:59.999Z";"2024-12-27T10:10:00.000Z";"2024-12-27T07:43:00.000Z";"2781";1.8364695042;1.9299623629;1.8001378912;1.8216200096;250179616.52;1819515575.27;"2024-12-27T23:59:59.999Z"
"2024-12-26T00:00:00.000Z";"2024-12-26T23:59:59.999Z";"2024-12-26T00:22:00.000Z";"2024-12-26T21:17:00.000Z";"2781";1.9809327297;2.0026903616;1.8194996793;1.8364760399;253779681.85;1834354444.95;"2024-12-26T23:59:59.999Z"
"2024-12-25T00:00:00.000Z";"2024-12-25T23:59:59.999Z";"2024-12-25T03:07:00.000Z";"2024-12-25T21:21:00.000Z";"2781";2.0510817511;2.0779300053;1.9453098174;1.9809327297;254823139.44;1978644252.83;"2024-12-25T23:59:59.999Z"
"2024-12-24T00:00:00.000Z";"2024-12-24T23:59:59.999Z";"2024-12-24T15:28:00.000Z";"2024-12-24T02:22:00.000Z";"2781";2.0244622955;2.0951812368;1.9505687759;2.0510817511;323926760.03;2048712236.06;"2024-12-24T23:59:59.999Z"
"2024-12-23T00:00:00.000Z";"2024-12-23T23:59:59.999Z";"2024-12-23T23:02:00.000Z";"2024-12-23T14:53:00.000Z";"2781";1.9139712404;2.0436872384;1.8515072345;2.0244622955;485264092.09;2022123536.33;"2024-12-23T23:59:59.999Z"
"2024-12-22T00:00:00.000Z";"2024-12-22T23:59:59.999Z";"2024-12-22T12:37:00.000Z";"2024-12-22T05:10:00.000Z";"2781";1.8894013007;2.0230540988;1.8194552105;1.9139712404;475625867.92;1911760132.38;"2024-12-22T23:59:59.999Z"
"2024-12-21T00:00:00.000Z";"2024-12-21T23:59:59.999Z";"2024-12-21T07:44:00.000Z";"2024-12-21T23:10:00.000Z";"2781";2.1046258463;2.2479203589;1.8615693191;1.8894013007;490425693.81;1887218583.17;"2024-12-21T23:59:59.999Z"
"2024-12-20T00:00:00.000Z";"2024-12-20T23:59:59.999Z";"2024-12-20T02:44:00.000Z";"2024-12-20T12:01:00.000Z";"2781";2.0762863704;2.1515764069;1.7293344141;2.1046258463;916459669.67;2102194498.2;"2024-12-20T23:59:59.999Z"
"2024-12-19T00:00:00.000Z";"2024-12-19T23:59:59.999Z";"2024-12-19T01:01:00.000Z";"2024-12-19T20:14:00.000Z";"2781";2.3096485808;2.3213896869;2.0400957808;2.0762863704;971606965.36;2073887890.23;"2024-12-19T23:59:59.999Z"
"2024-12-18T00:00:00.000Z";"2024-12-18T23:59:59.999Z";"2024-12-18T01:19:00.000Z";"2024-12-18T20:12:00.000Z";"2781";2.7044958603;2.7787995172;2.2851437367;2.309463611;870065038.34;2306980534.22;"2024-12-18T23:59:59.999Z"
"2024-12-17T00:00:00.000Z";"2024-12-17T23:59:59.999Z";"2024-12-17T17:59:00.000Z";"2024-12-17T01:02:00.000Z";"2781";2.7476831398;2.8651569945;2.6764876853;2.7045159392;517948923.67;2701371702.08;"2024-12-17T23:59:59.999Z"
"2024-12-16T00:00:00.000Z";"2024-12-16T23:59:59.999Z";"2024-12-16T00:52:00.000Z";"2024-12-16T13:40:00.000Z";"2781";2.8529108848;2.9231315573;2.6537641955;2.7476831398;488518288.61;2744509106;"2024-12-16T23:59:59.999Z"
"2024-12-15T00:00:00.000Z";"2024-12-15T23:59:59.999Z";"2024-12-15T15:02:00.000Z";"2024-12-15T07:46:00.000Z";"2781";2.8435061173;2.8837788874;2.7072309195;2.8529173864;304737847.53;2849615302.24;"2024-12-15T23:59:59.999Z"
"2024-12-14T00:00:00.000Z";"2024-12-14T23:59:59.999Z";"2024-12-14T01:29:00.000Z";"2024-12-14T20:59:00.000Z";"2781";2.9582544264;2.971927415;2.7606846071;2.8435061173;345879042.59;2840221406.49;"2024-12-14T23:59:59.999Z"
"2024-12-13T00:00:00.000Z";"2024-12-13T23:59:59.999Z";"2024-12-13T15:27:00.000Z";"2024-12-13T16:07:00.000Z";"2781";2.9493802348;2.9916835146;2.8569782745;2.92062721;422312128.5;2917253420.42;"2024-12-13T23:59:59.999Z"
"2024-12-12T00:00:00.000Z";"2024-12-12T23:59:59.999Z";"2024-12-12T03:34:00.000Z";"2024-12-12T22:14:00.000Z";"2781";3.0526013613;3.1920623734;2.9386644233;2.9493802348;591842910.92;2945973231.94;"2024-12-12T23:59:59.999Z"
"2024-12-11T00:00:00.000Z";"2024-12-11T23:59:59.999Z";"2024-12-11T16:31:00.000Z";"2024-12-11T01:31:00.000Z";"2781";2.8546774718;3.1232521581;2.7658916304;3.0526013613;649942764.67;3049075123.04;"2024-12-11T23:59:59.999Z"
"2024-12-10T00:00:00.000Z";"2024-12-10T23:59:59.999Z";"2024-12-10T00:37:00.000Z";"2024-12-10T16:11:00.000Z";"2781";3.0701419853;3.1384855465;2.6555950453;2.8546774718;1211348631.88;2851379871.23;"2024-12-10T23:59:59.999Z"
"2024-12-09T00:00:00.000Z";"2024-12-09T23:59:59.999Z";"2024-12-09T00:00:00.000Z";"2024-12-09T21:07:00.000Z";"2781";3.7290915835;3.7290915835;2.7363589218;3.0700983771;1619346280.17;3066595493.13;"2024-12-09T23:59:59.999Z"
"2024-12-08T00:00:00.000Z";"2024-12-08T23:59:59.999Z";"2024-12-08T04:16:00.000Z";"2024-12-08T18:28:00.000Z";"2781";3.8762933898;3.9243574217;3.6456297389;3.7337225277;674189993.15;3729409499.63;"2024-12-08T23:59:59.999Z"
"2024-12-07T00:00:00.000Z";"2024-12-07T23:59:59.999Z";"2024-12-07T22:06:00.000Z";"2024-12-07T05:52:00.000Z";"2781";3.4915251964;4.0013772641;3.4174207451;3.8868181354;1148853665.03;3882328262.08;"2024-12-07T23:59:59.999Z"
"2024-12-06T00:00:00.000Z";"2024-12-06T23:59:59.999Z";"2024-12-06T08:35:00.000Z";"2024-12-06T00:15:00.000Z";"2781";3.3441164774;3.591936091;3.2810771342;3.4915251964;1136490951.45;3487491965.19;"2024-12-06T23:59:59.999Z"
"2024-12-05T00:00:00.000Z";"2024-12-05T23:59:59.999Z";"2024-12-05T12:28:00.000Z";"2024-12-05T01:28:00.000Z";"2781";3.1919865551;3.3734323538;3.0481528784;3.2799942056;977330341.62;3276205324.53;"2024-12-05T23:59:59.999Z"
"2024-12-04T00:00:00.000Z";"2024-12-04T23:59:59.999Z";"2024-12-04T11:40:00.000Z";"2024-12-04T23:32:00.000Z";"2781";3.2880660064;3.4272362215;3.1204863374;3.1919865551;827072734.29;3188310033.9;"2024-12-04T23:59:59.999Z"
"2024-12-03T00:00:00.000Z";"2024-12-03T23:59:59.999Z";"2024-12-03T21:55:00.000Z";"2024-12-03T14:37:00.000Z";"2781";3.1178683352;3.3516791877;2.976246951;3.2880660064;1083465953.44;3284267803.96;"2024-12-03T23:59:59.999Z"
"2024-12-02T00:00:00.000Z";"2024-12-02T23:59:59.999Z";"2024-12-02T00:40:00.000Z";"2024-12-02T13:01:00.000Z";"2781";3.4333571224;3.4647714146;3.0029167134;3.117841692;883632404.08;3114240129.48;"2024-12-02T23:59:59.999Z"
"2024-12-01T00:00:00.000Z";"2024-12-01T23:59:59.999Z";"2024-12-01T16:07:00.000Z";"2024-12-01T03:29:00.000Z";"2781";3.1829106873;3.3990401997;3.066401027;3.3608292513;732508584.59;3357039661.61;"2024-12-01T23:59:59.999Z"
"2024-11-30T00:00:00.000Z";"2024-11-30T23:59:59.999Z";"2024-11-30T06:31:00.000Z";"2024-11-30T11:02:00.000Z";"2781";3.2847876608;3.3038336787;3.1657110056;3.1829106873;413140541.35;3179233963.29;"2024-11-30T23:59:59.999Z"
"2024-11-29T00:00:00.000Z";"2024-11-29T23:59:59.999Z";"2024-11-29T20:31:00.000Z";"2024-11-29T00:34:00.000Z";"2781";3.0808717223;3.3252495327;3.0623097527;3.2847876608;598052886.15;3280993254.6;"2024-11-29T23:59:59.999Z"
"2024-11-28T00:00:00.000Z";"2024-11-28T23:59:59.999Z";"2024-11-28T02:34:00.000Z";"2024-11-28T15:55:00.000Z";"2781";3.1176443203;3.2082126089;2.9860487705;3.080870469;400682133.01;3077311625.75;"2024-11-28T23:59:59.999Z"
"2024-11-27T00:00:00.000Z";"2024-11-27T23:59:59.999Z";"2024-11-27T20:49:00.000Z";"2024-11-27T01:05:00.000Z";"2781";3.0152015482;3.1700032722;2.9694726866;3.1176351299;550993503.07;3114033844.47;"2024-11-27T23:59:59.999Z"
"2024-11-26T00:00:00.000Z";"2024-11-26T23:59:59.999Z";"2024-11-26T05:49:00.000Z";"2024-11-26T18:38:00.000Z";"2781";3.1811733173;3.3646713011;2.9165310949;3.0152015482;929391451.01;3011718589.49;"2024-11-26T23:59:59.999Z"
"2024-11-25T00:00:00.000Z";"2024-11-25T23:59:59.999Z";"2024-11-25T13:06:00.000Z";"2024-11-25T22:40:00.000Z";"2781";3.1666407446;3.5696922583;3.076032458;3.1811733173;1491592214.74;3177498641.22;"2024-11-25T23:59:59.999Z"
"2024-11-24T00:00:00.000Z";"2024-11-24T23:59:59.999Z";"2024-11-24T01:14:00.000Z";"2024-11-24T12:47:00.000Z";"2781";3.2739739837;3.4543785471;3.0446638491;3.1666407446;717440363.22;3162773169.25;"2024-11-24T23:59:59.999Z"
"2024-11-23T00:00:00.000Z";"2024-11-23T23:59:59.999Z";"2024-11-23T13:13:00.000Z";"2024-11-23T03:10:00.000Z";"2781";3.2077705799;3.5706692067;3.145852952;3.2739739837;1042289459.98;3270192123.32;"2024-11-23T23:59:59.999Z"
"2024-11-22T00:00:00.000Z";"2024-11-22T23:59:59.999Z";"2024-11-22T05:09:00.000Z";"2024-11-22T19:20:00.000Z";"2781";3.2697705255;3.4274511928;3.0534546873;3.207440111;868503751.18;3203735118.38;"2024-11-22T23:59:59.999Z"
"2024-11-21T00:00:00.000Z";"2024-11-21T23:59:59.999Z";"2024-11-21T15:01:00.000Z";"2024-11-21T02:47:00.000Z";"2781";3.0423453303;3.3693215785;2.985830583;3.2697008408;965323983.36;3265923944.22;"2024-11-21T23:59:59.999Z"
"2024-11-20T00:00:00.000Z";"2024-11-20T23:59:59.999Z";"2024-11-20T08:23:00.000Z";"2024-11-20T23:58:00.000Z";"2781";3.2969440732;3.3653469107;3.0390670979;3.0423464291;724869170.35;3038832156.73;"2024-11-20T23:59:59.999Z"
"2024-11-19T00:00:00.000Z";"2024-11-19T23:59:59.999Z";"2024-11-19T18:41:00.000Z";"2024-11-19T22:32:00.000Z";"2781";3.4430498794;3.5476622962;3.2162500523;3.2969440732;882689628.93;3293135716.61;"2024-11-19T23:59:59.999Z"
"2024-11-18T00:00:00.000Z";"2024-11-18T23:59:59.999Z";"2024-11-18T08:32:00.000Z";"2024-11-18T19:27:00.000Z";"2781";3.6149715361;3.7094012701;3.3855061863;3.4429886795;994706457.55;3439072753.78;"2024-11-18T23:59:59.999Z"
"2024-11-17T00:00:00.000Z";"2024-11-17T23:59:59.999Z";"2024-11-17T07:49:00.000Z";"2024-11-17T03:19:00.000Z";"2781";3.6101965502;3.9270289145;3.3817177776;3.6149413182;1219421590.36;3610765637.85;"2024-11-17T23:59:59.999Z"
"2024-11-16T00:00:00.000Z";"2024-11-16T23:59:59.999Z";"2024-11-16T04:23:00.000Z";"2024-11-16T23:07:00.000Z";"2781";3.8941110539;3.9632599567;3.5778534871;3.6102357659;763715051.33;3606026353.7;"2024-11-16T23:59:59.999Z"
"2024-11-15T00:00:00.000Z";"2024-11-15T23:59:59.999Z";"2024-11-15T22:28:00.000Z";"2024-11-15T04:52:00.000Z";"2781";3.5808667851;3.9586858567;3.3815917667;3.8689906793;1452872582.41;3864521545.47;"2024-11-15T23:59:59.999Z"
"2024-11-14T00:00:00.000Z";"2024-11-14T23:59:59.999Z";"2024-11-14T10:01:00.000Z";"2024-11-14T23:43:00.000Z";"2781";4.177681832;4.3278677318;3.5507437024;3.5808583057;2412265620.64;3576721998.28;"2024-11-14T23:59:59.999Z"
"2024-11-13T00:00:00.000Z";"2024-11-13T23:59:59.999Z";"2024-11-13T19:05:00.000Z";"2024-11-13T04:53:00.000Z";"2781";3.2897335813;4.6768743314;2.8891319656;4.177681832;3464686260.74;4172856124.16;"2024-11-13T23:59:59.999Z"
"2024-11-12T00:00:00.000Z";"2024-11-12T23:59:59.999Z";"2024-11-12T23:16:00.000Z";"2024-11-12T13:54:00.000Z";"2781";3.1333355759;3.3386918802;2.8297095834;3.2894188595;1872621565.5;3285933572.24;"2024-11-12T23:59:59.999Z"
"2024-11-11T00:00:00.000Z";"2024-11-11T23:59:59.999Z";"2024-11-11T20:40:00.000Z";"2024-11-11T00:15:00.000Z";"2781";2.7477816607;3.2112210083;2.7445540591;3.1333355759;2270172483.98;3129716228.56;"2024-11-11T23:59:59.999Z"
"2024-11-10T00:00:00.000Z";"2024-11-10T23:59:59.999Z";"2024-11-10T18:56:00.000Z";"2024-11-10T00:39:00.000Z";"2781";2.4790880513;2.8582614701;2.4523017264;2.7477816607;1301408802.29;2744607758.16;"2024-11-10T23:59:59.999Z"
"2024-11-09T00:00:00.000Z";"2024-11-09T23:59:59.999Z";"2024-11-09T12:05:00.000Z";"2024-11-09T03:58:00.000Z";"2781";2.3213211375;2.5376525183;2.2705623637;2.4790880513;490444094.64;2476224602.7;"2024-11-09T23:59:59.999Z"
"2024-11-08T00:00:00.000Z";"2024-11-08T23:59:59.999Z";"2024-11-08T00:49:00.000Z";"2024-11-08T17:29:00.000Z";"2781";2.3840014148;2.5055815836;2.2072581047;2.3332030953;548013732.54;2330508376.94;"2024-11-08T23:59:59.999Z"
"2024-11-07T00:00:00.000Z";"2024-11-07T23:59:59.999Z";"2024-11-07T01:34:00.000Z";"2024-11-07T13:55:00.000Z";"2781";2.4106066724;2.4732282942;2.2904859871;2.3499281487;469266323.04;2347214484.01;"2024-11-07T23:59:59.999Z"
"2024-11-06T00:00:00.000Z";"2024-11-06T23:59:59.999Z";"2024-11-06T06:28:00.000Z";"2024-11-06T00:01:00.000Z";"2781";2.1033668843;2.5027017147;2.1033101523;2.468815328;853434925.32;2465674196.85;"2024-11-06T23:59:59.999Z"
"2024-11-05T00:00:00.000Z";"2024-11-05T23:59:59.999Z";"2024-11-05T14:52:00.000Z";"2024-11-05T00:00:00.000Z";"2781";1.9204315048;2.1716724965;1.920106831;2.1033597123;351089740.79;2100931068.73;"2024-11-05T23:59:59.999Z"
"2024-11-04T00:00:00.000Z";"2024-11-04T23:59:59.999Z";"2024-11-04T03:04:00.000Z";"2024-11-04T22:01:00.000Z";"2781";2.0795703739;2.1224925916;1.8882563193;1.9201693445;296252559.81;1918214079.56;"2024-11-04T23:59:59.999Z"
"2024-11-03T00:00:00.000Z";"2024-11-03T23:59:59.999Z";"2024-11-03T00:04:00.000Z";"2024-11-03T15:25:00.000Z";"2781";2.1748252869;2.1778990719;1.9646339992;2.0825184602;321306688.54;2080230620.85;"2024-11-03T23:59:59.999Z"
"2024-11-02T00:00:00.000Z";"2024-11-02T23:59:59.999Z";"2024-11-02T02:30:00.000Z";"2024-11-02T15:55:00.000Z";"2781";2.1981693833;2.241357701;2.1216163716;2.1748252869;195162451.07;2172314128.26;"2024-11-02T23:59:59.999Z"
"2024-11-01T00:00:00.000Z";"2024-11-01T23:59:59.999Z";"2024-11-01T14:22:00.000Z";"2024-11-01T21:37:00.000Z";"2781";2.3812885402;2.4294829562;2.1827193764;2.1981693833;365707703.78;2195631272.67;"2024-11-01T23:59:59.999Z"
"2024-10-31T00:00:00.000Z";"2024-10-31T23:59:59.999Z";"2024-10-31T00:31:00.000Z";"2024-10-31T20:54:00.000Z";"2781";2.5811095667;2.59360572;2.3570261252;2.3812885402;285108837.45;2378538991.72;"2024-10-31T23:59:59.999Z"
"2024-10-30T00:00:00.000Z";"2024-10-30T23:59:59.999Z";"2024-10-30T03:49:00.000Z";"2024-10-30T12:07:00.000Z";"2781";2.6118574636;2.6644664654;2.5295628083;2.5811095667;288766684.87;2578129301.51;"2024-10-30T23:59:59.999Z"
"2024-10-29T00:00:00.000Z";"2024-10-29T23:59:59.999Z";"2024-10-29T16:53:00.000Z";"2024-10-29T00:46:00.000Z";"2781";2.4665882071;2.6889968424;2.4447858699;2.6118574636;464810184.49;2608841698.03;"2024-10-29T23:59:59.999Z"
"2024-10-28T00:00:00.000Z";"2024-10-28T23:59:59.999Z";"2024-10-28T22:10:00.000Z";"2024-10-28T17:08:00.000Z";"2781";2.4890279759;2.5320866108;2.26235594;2.4665882071;488528135.05;2463740176.22;"2024-10-28T23:59:59.999Z"
"2024-10-27T00:00:00.000Z";"2024-10-27T23:59:59.999Z";"2024-10-27T23:16:00.000Z";"2024-10-27T01:26:00.000Z";"2781";2.3592137706;2.5107154249;2.3334004867;2.4890279759;230034971.4;2486154041.93;"2024-10-27T23:59:59.999Z"
"2024-10-26T00:00:00.000Z";"2024-10-26T23:59:59.999Z";"2024-10-26T11:40:00.000Z";"2024-10-26T02:08:00.000Z";"2781";2.3067860157;2.3940980921;2.2475307003;2.3592137706;273376476.81;2356489729.58;"2024-10-26T23:59:59.999Z"
"2024-10-25T00:00:00.000Z";"2024-10-25T23:59:59.999Z";"2024-10-25T14:34:00.000Z";"2024-10-25T23:26:00.000Z";"2781";2.5553962598;2.5933258858;2.2393601218;2.3067860157;534397651.21;2304122510.59;"2024-10-25T23:59:59.999Z"
"2024-10-24T00:00:00.000Z";"2024-10-24T23:59:59.999Z";"2024-10-24T22:10:00.000Z";"2024-10-24T09:49:00.000Z";"2781";2.5100263884;2.5998672411;2.4660211419;2.5821175729;359259697.34;2579136160.88;"2024-10-24T23:59:59.999Z"
"2024-10-23T00:00:00.000Z";"2024-10-23T23:59:59.999Z";"2024-10-23T21:18:00.000Z";"2024-10-23T18:07:00.000Z";"2781";2.4186438899;2.5462243622;2.3438939585;2.486742085;408518989.44;2483870798.97;"2024-10-23T23:59:59.999Z"
"2024-10-22T00:00:00.000Z";"2024-10-22T23:59:59.999Z";"2024-10-22T06:10:00.000Z";"2024-10-22T17:02:00.000Z";"2781";2.5020202243;2.5558423864;2.3846163326;2.4186759648;322720518.23;2415851235.58;"2024-10-22T23:59:59.999Z"
"2024-10-21T00:00:00.000Z";"2024-10-21T23:59:59.999Z";"2024-10-21T00:16:00.000Z";"2024-10-21T16:37:00.000Z";"2781";2.7116262547;2.7777721505;2.4904798741;2.5020202243;387624414.57;2499131300.89;"2024-10-21T23:59:59.999Z"
"2024-10-20T00:00:00.000Z";"2024-10-20T23:59:59.999Z";"2024-10-20T22:56:00.000Z";"2024-10-20T03:10:00.000Z";"2781";2.6441664404;2.7403881357;2.5761197461;2.7371645284;316706240.35;2733948039.95;"2024-10-20T23:59:59.999Z"
"2024-10-19T00:00:00.000Z";"2024-10-19T23:59:59.999Z";"2024-10-19T03:19:00.000Z";"2024-10-19T19:56:00.000Z";"2781";2.6601576969;2.7427239682;2.5836403139;2.6441664404;239572870.86;2641113400.95;"2024-10-19T23:59:59.999Z"
"2024-10-18T00:00:00.000Z";"2024-10-18T23:59:59.999Z";"2024-10-18T04:30:00.000Z";"2024-10-18T01:02:00.000Z";"2781";2.5416050864;2.7228020005;2.5372501843;2.6601570307;422971373.31;2657085537.68;"2024-10-18T23:59:59.999Z"
"2024-10-17T00:00:00.000Z";"2024-10-17T23:59:59.999Z";"2024-10-17T00:09:00.000Z";"2024-10-17T18:15:00.000Z";"2781";2.6372571736;2.6604861972;2.4537629006;2.5416484085;436109537.59;2538713752.07;"2024-10-17T23:59:59.999Z"
"2024-10-16T00:00:00.000Z";"2024-10-16T23:59:59.999Z";"2024-10-16T21:09:00.000Z";"2024-10-16T07:17:00.000Z";"2781";2.6420663393;2.7112199774;2.5098607901;2.6369797339;527768795.94;2634212127.05;"2024-10-16T23:59:59.999Z"
"2024-10-15T00:00:00.000Z";"2024-10-15T23:59:59.999Z";"2024-10-15T00:29:00.000Z";"2024-10-15T22:16:00.000Z";"2781";2.8269685093;2.8519964978;2.5591366771;2.569026268;718263267.78;2566060003.83;"2024-10-15T23:59:59.999Z"
"2024-10-14T00:00:00.000Z";"2024-10-14T23:59:59.999Z";"2024-10-14T15:34:00.000Z";"2024-10-14T03:01:00.000Z";"2781";2.6640655092;2.9597581124;2.6266329085;2.8269689459;764188877.1;2823704418.55;"2024-10-14T23:59:59.999Z"
"2024-10-13T00:00:00.000Z";"2024-10-13T23:59:59.999Z";"2024-10-13T08:21:00.000Z";"2024-10-13T18:49:00.000Z";"2781";2.6744765154;2.8563040076;2.6035207906;2.6640537638;563979683.27;2660989519.04;"2024-10-13T23:59:59.999Z"
"2024-10-12T00:00:00.000Z";"2024-10-12T23:59:59.999Z";"2024-10-12T01:04:00.000Z";"2024-10-12T23:49:00.000Z";"2781";2.7538789495;2.8016881945;2.6707894872;2.6744765154;444078278.85;2671388504.98;"2024-10-12T23:59:59.999Z"
"2024-10-11T00:00:00.000Z";"2024-10-11T23:59:59.999Z";"2024-10-11T21:41:00.000Z";"2024-10-11T01:43:00.000Z";"2781";2.4320333972;2.797491832;2.4239484828;2.7538789495;694726625.11;2750699259.45;"2024-10-11T23:59:59.999Z"
"2024-10-10T00:00:00.000Z";"2024-10-10T23:59:59.999Z";"2024-10-10T23:10:00.000Z";"2024-10-10T09:32:00.000Z";"2781";2.3234564586;2.4531464901;2.2320358723;2.4320674972;597856681.58;2429225319.43;"2024-10-10T23:59:59.999Z"
"2024-10-09T00:00:00.000Z";"2024-10-09T23:59:59.999Z";"2024-10-09T01:59:00.000Z";"2024-10-09T20:52:00.000Z";"2781";2.4568491453;2.5538746872;2.3083490617;2.3211169159;527741661.08;2318420660.62;"2024-10-09T23:59:59.999Z"
"2024-10-08T00:00:00.000Z";"2024-10-08T23:59:59.999Z";"2024-10-08T02:12:00.000Z";"2024-10-08T15:37:00.000Z";"2781";2.5320706671;2.5960389201;2.4272270293;2.4593072347;564957103;2456467681.58;"2024-10-08T23:59:59.999Z"
"2024-10-07T00:00:00.000Z";"2024-10-07T23:59:59.999Z";"2024-10-07T14:43:00.000Z";"2024-10-07T23:59:00.000Z";"2781";2.5659306882;2.7915375675;2.5317904379;2.5321723993;843186707.86;2529248716.48;"2024-10-07T23:59:59.999Z"
"2024-10-06T00:00:00.000Z";"2024-10-06T23:59:59.999Z";"2024-10-06T23:46:00.000Z";"2024-10-06T05:12:00.000Z";"2781";2.2513129187;2.5794221413;2.2195872708;2.5661693345;422314329.37;2563206399.28;"2024-10-06T23:59:59.999Z"
"2024-10-05T00:00:00.000Z";"2024-10-05T23:59:59.999Z";"2024-10-05T07:22:00.000Z";"2024-10-05T21:07:00.000Z";"2781";2.2900472561;2.3857134718;2.1914488085;2.2512669962;326191466.63;2248667653;"2024-10-05T23:59:59.999Z"
"2024-10-04T00:00:00.000Z";"2024-10-04T23:59:59.999Z";"2024-10-04T21:11:00.000Z";"2024-10-04T01:02:00.000Z";"2781";2.0387142643;2.3583962478;2.0073600298;2.2900472561;634837699.24;2287403142.81;"2024-10-04T23:59:59.999Z"
"2024-10-03T00:00:00.000Z";"2024-10-03T23:59:59.999Z";"2024-10-03T02:16:00.000Z";"2024-10-03T16:43:00.000Z";"2781";2.2047362683;2.2909465626;1.9772856639;2.042022593;609053578.91;2039664851.76;"2024-10-03T23:59:59.999Z"
"2024-10-02T00:00:00.000Z";"2024-10-02T23:59:59.999Z";"2024-10-02T07:49:00.000Z";"2024-10-02T19:20:00.000Z";"2781";2.3004696033;2.486913041;2.1087983743;2.2047747206;691847640.27;2202229101.02;"2024-10-02T23:59:59.999Z"
"2024-10-01T00:00:00.000Z";"2024-10-01T23:59:59.999Z";"2024-10-01T07:43:00.000Z";"2024-10-01T17:24:00.000Z";"2781";2.4668304908;2.5923039699;2.1927259657;2.3004679673;917809962.53;2297813495.37;"2024-10-01T23:59:59.999Z"
"2024-09-30T00:00:00.000Z";"2024-09-30T23:59:59.999Z";"2024-09-30T20:24:00.000Z";"2024-09-30T10:16:00.000Z";"2781";2.4516968211;2.6160094419;2.3384258783;2.4668304908;722668483.19;2463982304.89;"2024-09-30T23:59:59.999Z"
"2024-09-29T00:00:00.000Z";"2024-09-29T23:59:59.999Z";"2024-09-29T21:25:00.000Z";"2024-09-29T11:02:00.000Z";"2781";2.3733692408;2.568089528;2.2536356979;2.4516968211;519735500.68;2448866110.03;"2024-09-29T23:59:59.999Z"
"2024-09-28T00:00:00.000Z";"2024-09-28T23:59:59.999Z";"2024-09-28T02:45:00.000Z";"2024-09-28T09:13:00.000Z";"2781";2.2685427084;2.3746212666;2.2233373994;2.3733694986;399171014.19;2370628966.52;"2024-09-28T23:59:59.999Z"
"2024-09-27T00:00:00.000Z";"2024-09-27T23:59:59.999Z";"2024-09-27T09:22:00.000Z";"2024-09-27T02:31:00.000Z";"2781";2.2075045816;2.418510444;2.1921589029;2.2685674753;575446362.97;2265923515.69;"2024-09-27T23:59:59.999Z"
"2024-09-26T00:00:00.000Z";"2024-09-26T23:59:59.999Z";"2024-09-26T16:12:00.000Z";"2024-09-26T01:04:00.000Z";"2781";2.0221957914;2.2842731048;1.9884346721;2.2075045816;626698746.45;2204955862.47;"2024-09-26T23:59:59.999Z"
"2024-09-25T00:00:00.000Z";"2024-09-25T23:59:59.999Z";"2024-09-25T19:17:00.000Z";"2024-09-25T00:22:00.000Z";"2781";1.9951905166;2.1295987685;1.9680626738;2.0221957914;537258445.33;2019861081.52;"2024-09-25T23:59:59.999Z"
"2024-09-24T00:00:00.000Z";"2024-09-24T23:59:59.999Z";"2024-09-24T17:49:00.000Z";"2024-09-24T01:36:00.000Z";"2781";1.7404217505;2.0369667245;1.7057734506;1.9951905166;665388172.9;1992886986.56;"2024-09-24T23:59:59.999Z"
"2024-09-23T00:00:00.000Z";"2024-09-23T23:59:59.999Z";"2024-09-23T03:31:00.000Z";"2024-09-23T00:13:00.000Z";"2781";1.6955191642;1.7865842569;1.6803618256;1.7404217505;346362278.93;1738412362.83;"2024-09-23T23:59:59.999Z"
"2024-09-22T00:00:00.000Z";"2024-09-22T23:59:59.999Z";"2024-09-22T00:11:00.000Z";"2024-09-22T22:09:00.000Z";"2781";1.7795559133;1.7803396412;1.6285131067;1.6955246231;213852538.18;1693561704.88;"2024-09-22T23:59:59.999Z"
"2024-09-21T00:00:00.000Z";"2024-09-21T23:59:59.999Z";"2024-09-21T00:29:00.000Z";"2024-09-21T04:37:00.000Z";"2781";1.7766463932;1.7835092131;1.6684768578;1.7795559133;229788159.82;1777501435.87;"2024-09-21T23:59:59.999Z"
"2024-09-20T00:00:00.000Z";"2024-09-20T23:59:59.999Z";"2024-09-20T07:00:00.000Z";"2024-09-20T01:27:00.000Z";"2781";1.7713776954;1.8985408392;1.7307246438;1.7766463932;397681742.91;1774595274.88;"2024-09-20T23:59:59.999Z"
"2024-09-19T00:00:00.000Z";"2024-09-19T23:59:59.999Z";"2024-09-19T18:43:00.000Z";"2024-09-19T01:35:00.000Z";"2781";1.616749044;1.8151642965;1.5970270945;1.7713776954;468599082;1769332660.11;"2024-09-19T23:59:59.999Z"
"2024-09-18T00:00:00.000Z";"2024-09-18T23:59:59.999Z";"2024-09-18T23:59:00.000Z";"2024-09-18T16:07:00.000Z";"2781";1.5348009371;1.6172968358;1.4532161875;1.6167363182;288549794.79;1614882526.01;"2024-09-18T23:59:59.999Z"
"2024-09-17T00:00:00.000Z";"2024-09-17T23:59:59.999Z";"2024-09-17T15:21:00.000Z";"2024-09-17T01:16:00.000Z";"2781";1.5074297386;1.5796239605;1.4931191685;1.5347972906;222229763.29;1533029037.15;"2024-09-17T23:59:59.999Z"
"2024-09-16T00:00:00.000Z";"2024-09-16T23:59:59.999Z";"2024-09-16T07:49:00.000Z";"2024-09-16T14:35:00.000Z";"2781";1.5040523362;1.5177879855;1.4571431821;1.5074293866;197654358.15;1505689087.48;"2024-09-16T23:59:59.999Z"
"2024-09-15T00:00:00.000Z";"2024-09-15T23:59:59.999Z";"2024-09-15T08:01:00.000Z";"2024-09-15T23:17:00.000Z";"2781";1.5667117441;1.5959094873;1.494069233;1.5040197261;162566566.27;1502315935.93;"2024-09-15T23:59:59.999Z"
"2024-09-14T00:00:00.000Z";"2024-09-14T23:59:59.999Z";"2024-09-14T00:11:00.000Z";"2024-09-14T18:18:00.000Z";"2781";1.6367238954;1.6447583272;1.556591443;1.566711657;165371652.3;1564902917.92;"2024-09-14T23:59:59.999Z"
"2024-09-13T00:00:00.000Z";"2024-09-13T23:59:59.999Z";"2024-09-13T22:22:00.000Z";"2024-09-13T13:31:00.000Z";"2781";1.5602432159;1.6600141612;1.5087146751;1.6367319613;273211774.4;1634842386.95;"2024-09-13T23:59:59.999Z"
"2024-09-12T00:00:00.000Z";"2024-09-12T23:59:59.999Z";"2024-09-12T02:06:00.000Z";"2024-09-12T16:02:00.000Z";"2781";1.5439718779;1.5884428222;1.5174411261;1.5602204425;229847371.01;1558419201.62;"2024-09-12T23:59:59.999Z"
"2024-09-11T00:00:00.000Z";"2024-09-11T23:59:59.999Z";"2024-09-11T00:00:00.000Z";"2024-09-11T14:50:00.000Z";"2781";1.6484183856;1.6484701885;1.5018173412;1.5439718779;342589632.93;1542189396.81;"2024-09-11T23:59:59.999Z"
"2024-09-10T00:00:00.000Z";"2024-09-10T23:59:59.999Z";"2024-09-10T07:51:00.000Z";"2024-09-10T16:49:00.000Z";"2781";1.6689499355;1.714793458;1.6274847515;1.6484199238;233636111.86;1646516860.12;"2024-09-10T23:59:59.999Z"
"2024-09-09T00:00:00.000Z";"2024-09-09T23:59:59.999Z";"2024-09-09T21:17:00.000Z";"2024-09-09T05:55:00.000Z";"2781";1.5679045464;1.7286103792;1.5179997261;1.6689499355;388571657.98;1667023170.56;"2024-09-09T23:59:59.999Z"
"2024-09-08T00:00:00.000Z";"2024-09-08T23:59:59.999Z";"2024-09-08T22:31:00.000Z";"2024-09-08T00:11:00.000Z";"2781";1.4799993621;1.5888386044;1.4724061697;1.5679045464;204487426.7;1566094436.96;"2024-09-08T23:59:59.999Z"
"2024-09-07T00:00:00.000Z";"2024-09-07T23:59:59.999Z";"2024-09-07T15:31:00.000Z";"2024-09-07T23:07:00.000Z";"2781";1.4923525966;1.5327331858;1.4645709029;1.4799993621;202729387.12;1478290738.17;"2024-09-07T23:59:59.999Z"
"2024-09-06T00:00:00.000Z";"2024-09-06T23:59:59.999Z";"2024-09-06T12:55:00.000Z";"2024-09-06T21:04:00.000Z";"2781";1.5308851437;1.6010153997;1.4062240646;1.4923525966;413717051.66;1490629712.28;"2024-09-06T23:59:59.999Z"
"2024-09-05T00:00:00.000Z";"2024-09-05T23:59:59.999Z";"2024-09-05T00:01:00.000Z";"2024-09-05T20:24:00.000Z";"2781";1.6373292139;1.6388375877;1.5066068154;1.5308969501;286795652.81;1529129568.09;"2024-09-05T23:59:59.999Z"
"2024-09-04T00:00:00.000Z";"2024-09-04T23:59:59.999Z";"2024-09-04T22:56:00.000Z";"2024-09-04T01:11:00.000Z";"2781";1.4934403447;1.6435126017;1.4328771414;1.6373292139;357749102.8;1635438961.23;"2024-09-04T23:59:59.999Z"
"2024-09-03T00:00:00.000Z";"2024-09-03T23:59:59.999Z";"2024-09-03T02:37:00.000Z";"2024-09-03T16:56:00.000Z";"2781";1.5413561484;1.6300911403;1.4914770034;1.4934912848;334600761.8;1491716234.53;"2024-09-03T23:59:59.999Z"
"2024-09-02T00:00:00.000Z";"2024-09-02T23:59:59.999Z";"2024-09-02T23:35:00.000Z";"2024-09-02T07:49:00.000Z";"2781";1.3995992658;1.5532705893;1.3889089529;1.5413561484;251832474.74;1539576723.62;"2024-09-02T23:59:59.999Z"
"2024-09-01T00:00:00.000Z";"2024-09-01T23:59:59.999Z";"2024-09-01T00:52:00.000Z";"2024-09-01T23:01:00.000Z";"2781";1.5177225813;1.5246963936;1.3889679865;1.3995992658;203916036.09;1397983494.74;"2024-09-01T23:59:59.999Z"
"2024-08-31T00:00:00.000Z";"2024-08-31T23:59:59.999Z";"2024-08-31T00:35:00.000Z";"2024-08-31T17:53:00.000Z";"2781";1.55006343;1.5701802748;1.5033983608;1.5177537214;119709025.24;1515970443.03;"2024-08-31T23:59:59.999Z"
"2024-08-30T00:00:00.000Z";"2024-08-30T23:59:59.999Z";"2024-08-30T12:35:00.000Z";"2024-08-30T16:05:00.000Z";"2781";1.5404393063;1.566172972;1.4443734326;1.5500785066;277489956.45;1548289015.02;"2024-08-30T23:59:59.999Z"
"2024-08-29T00:00:00.000Z";"2024-08-29T23:59:59.999Z";"2024-08-29T15:36:00.000Z";"2024-08-29T22:11:00.000Z";"2781";1.582375261;1.6852185887;1.5252671544;1.5404393063;303857026.29;1538660990.06;"2024-08-29T23:59:59.999Z"
"2024-08-28T00:00:00.000Z";"2024-08-28T23:59:59.999Z";"2024-08-28T10:02:00.000Z";"2024-08-28T16:37:00.000Z";"2781";1.5763613947;1.6559713498;1.4899169196;1.582375261;447386420.42;1580548533.47;"2024-08-28T23:59:59.999Z"
"2024-08-27T00:00:00.000Z";"2024-08-27T23:59:59.999Z";"2024-08-27T05:46:00.000Z";"2024-08-27T23:07:00.000Z";"2781";1.7717842791;1.8205768818;1.5585340744;1.5763613947;409590516.3;1574541610.46;"2024-08-27T23:59:59.999Z"
"2024-08-26T00:00:00.000Z";"2024-08-26T23:59:59.999Z";"2024-08-26T10:47:00.000Z";"2024-08-26T23:55:00.000Z";"2781";1.905363078;1.9379339543;1.7674748534;1.7717847017;375107334.51;1769739317.34;"2024-08-26T23:59:59.999Z"
"2024-08-25T00:00:00.000Z";"2024-08-25T23:59:59.999Z";"2024-08-25T00:01:00.000Z";"2024-08-25T07:45:00.000Z";"2781";1.9686423767;1.9691275165;1.8505348511;1.9052724631;320931964.67;1903163489.57;"2024-08-25T23:59:59.999Z"
"2024-08-24T00:00:00.000Z";"2024-08-24T23:59:59.999Z";"2024-08-24T16:33:00.000Z";"2024-08-24T01:46:00.000Z";"2781";1.8371122926;2.024386222;1.7901164044;1.9686423767;450428925.17;1966369738.99;"2024-08-24T23:59:59.999Z"
"2024-08-23T00:00:00.000Z";"2024-08-23T23:59:59.999Z";"2024-08-23T22:29:00.000Z";"2024-08-23T12:01:00.000Z";"2781";1.6195334245;1.8831180669;1.5938896412;1.8371088104;487512873.11;1834991497.59;"2024-08-23T23:59:59.999Z"
"2024-08-22T00:00:00.000Z";"2024-08-22T23:59:59.999Z";"2024-08-22T10:55:00.000Z";"2024-08-22T03:05:00.000Z";"2781";1.5608428797;1.6565460944;1.5318848723;1.6195334245;294387104.57;1617663807.06;"2024-08-22T23:59:59.999Z"
"2024-08-21T00:00:00.000Z";"2024-08-21T23:59:59.999Z";"2024-08-21T20:07:00.000Z";"2024-08-21T15:07:00.000Z";"2781";1.554382829;1.6047160791;1.4745957464;1.5609660511;282552731.8;1559041015.92;"2024-08-21T23:59:59.999Z"
"2024-08-20T00:00:00.000Z";"2024-08-20T23:59:59.999Z";"2024-08-20T08:02:00.000Z";"2024-08-20T00:10:00.000Z";"2781";1.4380654125;1.6154501591;1.4187030399;1.5492918399;443033760.63;1547503312.05;"2024-08-20T23:59:59.999Z"
"2024-08-19T00:00:00.000Z";"2024-08-19T23:59:59.999Z";"2024-08-19T20:40:00.000Z";"2024-08-19T11:02:00.000Z";"2781";1.3918454314;1.4355487209;1.3297306897;1.4230911746;272248017.76;1421473419.66;"2024-08-19T23:59:59.999Z"
"2024-08-18T00:00:00.000Z";"2024-08-18T23:59:59.999Z";"2024-08-18T16:43:00.000Z";"2024-08-18T23:55:00.000Z";"2781";1.4197986452;1.4755291696;1.3898029908;1.3918454314;225804445.08;1390238682.78;"2024-08-18T23:59:59.999Z"
"2024-08-17T00:00:00.000Z";"2024-08-17T23:59:59.999Z";"2024-08-17T13:23:00.000Z";"2024-08-17T11:05:00.000Z";"2781";1.3941372459;1.4535137602;1.3654539947;1.4197986452;216702669.4;1418159627.31;"2024-08-17T23:59:59.999Z"
"2024-08-16T00:00:00.000Z";"2024-08-16T23:59:59.999Z";"2024-08-16T02:35:00.000Z";"2024-08-16T15:37:00.000Z";"2781";1.4796044617;1.50212824;1.3476321822;1.3941481907;314574231.04;1392538783.8;"2024-08-16T23:59:59.999Z"
"2024-08-15T00:00:00.000Z";"2024-08-15T23:59:59.999Z";"2024-08-15T14:04:00.000Z";"2024-08-15T20:58:00.000Z";"2781";1.5781254529;1.6020054477;1.4373602445;1.479603322;365844832.22;1477895266.3;"2024-08-15T23:59:59.999Z"
"2024-08-14T00:00:00.000Z";"2024-08-14T23:59:59.999Z";"2024-08-14T12:45:00.000Z";"2024-08-14T22:11:00.000Z";"2781";1.7020576489;1.740031749;1.56418905;1.5781254529;321844448.71;1576303666.1;"2024-08-14T23:59:59.999Z"
"2024-08-13T00:00:00.000Z";"2024-08-13T23:59:59.999Z";"2024-08-13T17:02:00.000Z";"2024-08-13T10:25:00.000Z";"2781";1.7284941445;1.7448170114;1.6463263029;1.7020564295;280690627.85;1700091581.1;"2024-08-13T23:59:59.999Z"
"2024-08-12T00:00:00.000Z";"2024-08-12T23:59:59.999Z";"2024-08-12T11:31:00.000Z";"2024-08-12T00:02:00.000Z";"2781";1.6305397155;1.8149608548;1.6284836834;1.7284941445;443362135.91;1726498781.46;"2024-08-12T23:59:59.999Z"
"2024-08-11T00:00:00.000Z";"2024-08-11T23:59:59.999Z";"2024-08-11T03:25:00.000Z";"2024-08-11T23:15:00.000Z";"2781";1.8135127979;1.8874534244;1.6262679653;1.6305397155;337502050.24;1628657432.77;"2024-08-11T23:59:59.999Z"
"2024-08-10T00:00:00.000Z";"2024-08-10T23:59:59.999Z";"2024-08-10T00:25:00.000Z";"2024-08-10T04:53:00.000Z";"2781";1.8230125257;1.8584873651;1.7675902863;1.8135115351;219410517.61;1811419295.34;"2024-08-10T23:59:59.999Z"
"2024-08-09T00:00:00.000Z";"2024-08-09T23:59:59.999Z";"2024-08-09T00:25:00.000Z";"2024-08-09T16:06:00.000Z";"2781";1.9144671563;1.9481021197;1.7707289079;1.8230125257;480687373.56;1820908057.26;"2024-08-09T23:59:59.999Z"
"2024-08-08T00:00:00.000Z";"2024-08-08T23:59:59.999Z";"2024-08-08T23:41:00.000Z";"2024-08-08T00:31:00.000Z";"2781";1.6056846933;1.9356240393;1.5549194574;1.9144671563;791355607.9;1912257114.13;"2024-08-08T23:59:59.999Z"
"2024-08-07T00:00:00.000Z";"2024-08-07T23:59:59.999Z";"2024-08-07T08:43:00.000Z";"2024-08-07T01:16:00.000Z";"2781";1.4128195184;1.7720332486;1.3755050831;1.6056794124;963764649.72;1603831107.25;"2024-08-07T23:59:59.999Z"
"2024-08-06T00:00:00.000Z";"2024-08-06T23:59:59.999Z";"2024-08-06T22:19:00.000Z";"2024-08-06T00:03:00.000Z";"2781";1.2648799223;1.4720883;1.2617790793;1.4127977704;567083147.72;1411188650.63;"2024-08-06T23:59:59.999Z"
"2024-08-05T00:00:00.000Z";"2024-08-05T23:59:59.999Z";"2024-08-05T00:19:00.000Z";"2024-08-05T11:35:00.000Z";"2781";1.4379034865;1.4625024461;1.0837089108;1.2649031015;1254958425.68;1263419829.24;"2024-08-05T23:59:59.999Z"
"2024-08-04T00:00:00.000Z";"2024-08-04T23:59:59.999Z";"2024-08-04T02:35:00.000Z";"2024-08-04T17:45:00.000Z";"2781";1.5981317463;1.6304267085;1.365179963;1.4379034865;475364613.75;1436243666.85;"2024-08-04T23:59:59.999Z"
"2024-08-03T00:00:00.000Z";"2024-08-03T23:59:59.999Z";"2024-08-03T12:32:00.000Z";"2024-08-03T20:10:00.000Z";"2781";1.6610978618;1.7312935329;1.5451315313;1.5981317778;408268744.41;1596286970.99;"2024-08-03T23:59:59.999Z"
"2024-08-02T00:00:00.000Z";"2024-08-02T23:59:59.999Z";"2024-08-02T00:22:00.000Z";"2024-08-02T23:52:00.000Z";"2781";1.9677367045;1.9752754552;1.648052514;1.6610978618;508210954.13;1659180410.08;"2024-08-02T23:59:59.999Z"
"2024-08-01T00:00:00.000Z";"2024-08-01T23:59:59.999Z";"2024-08-01T00:08:00.000Z";"2024-08-01T18:13:00.000Z";"2781";2.1761422412;2.19122154;1.8344855481;1.9677367045;562867683.59;1965465295.93;"2024-08-01T23:59:59.999Z"
"2024-07-31T00:00:00.000Z";"2024-07-31T23:59:59.999Z";"2024-07-31T13:49:00.000Z";"2024-07-31T20:41:00.000Z";"2781";2.2880770206;2.3490885812;2.1573708794;2.1764958008;247464437.79;2173630271.3;"2024-07-31T23:59:59.999Z"
"2024-07-30T00:00:00.000Z";"2024-07-30T23:59:59.999Z";"2024-07-30T07:52:00.000Z";"2024-07-30T20:11:00.000Z";"2781";2.2885657959;2.3854059978;2.2570975986;2.2880305249;240122215.63;2285435845.07;"2024-07-30T23:59:59.999Z"
"2024-07-29T00:00:00.000Z";"2024-07-29T23:59:59.999Z";"2024-07-29T06:43:00.000Z";"2024-07-29T23:56:00.000Z";"2781";2.4123376308;2.5624936887;2.285776521;2.288907592;346943284.08;2285924065.33;"2024-07-29T23:59:59.999Z"
"2024-07-28T00:00:00.000Z";"2024-07-28T23:59:59.999Z";"2024-07-28T01:49:00.000Z";"2024-07-28T23:16:00.000Z";"2781";2.4856353473;2.5029804833;2.3900800103;2.4122888544;185235029.52;2409504313.51;"2024-07-28T23:59:59.999Z"
"2024-07-27T00:00:00.000Z";"2024-07-27T23:59:59.999Z";"2024-07-27T13:52:00.000Z";"2024-07-27T20:26:00.000Z";"2781";2.6706116278;2.6932084081;2.4211952614;2.4856745629;334340640.26;2482766149.42;"2024-07-27T23:59:59.999Z"
"2024-07-26T00:00:00.000Z";"2024-07-26T23:59:59.999Z";"2024-07-26T23:58:00.000Z";"2024-07-26T00:06:00.000Z";"2781";2.5147895081;2.6713113733;2.5086529498;2.6705912166;307846088.28;2667528914.18;"2024-07-26T23:59:59.999Z"
"2024-07-25T00:00:00.000Z";"2024-07-25T23:59:59.999Z";"2024-07-25T09:18:00.000Z";"2024-07-25T20:14:00.000Z";"2781";2.5001069236;2.5744170299;2.3290620312;2.5147469653;500508502.71;2511844170.17;"2024-07-25T23:59:59.999Z"
"2024-07-24T00:00:00.000Z";"2024-07-24T23:59:59.999Z";"2024-07-24T14:53:00.000Z";"2024-07-24T23:32:00.000Z";"2781";2.5540700077;2.6777570647;2.4676886467;2.5002135348;373976228.38;2497327528.62;"2024-07-24T23:59:59.999Z"
"2024-07-23T00:00:00.000Z";"2024-07-23T23:59:59.999Z";"2024-07-23T00:16:00.000Z";"2024-07-23T13:34:00.000Z";"2781";2.7402655075;2.7588845908;2.5136041758;2.5540891863;439559664.86;2551121851.36;"2024-07-23T23:59:59.999Z"
"2024-07-22T00:00:00.000Z";"2024-07-22T23:59:59.999Z";"2024-07-22T19:43:00.000Z";"2024-07-22T23:13:00.000Z";"2781";2.8256362411;2.8904522867;2.6846284939;2.7402655075;415849901.71;2737102433.31;"2024-07-22T23:59:59.999Z"
"2024-07-21T00:00:00.000Z";"2024-07-21T23:59:59.999Z";"2024-07-21T23:10:00.000Z";"2024-07-21T18:12:00.000Z";"2781";2.6433179559;2.8390387836;2.441994403;2.8258448084;416676761.9;2822374629.11;"2024-07-21T23:59:59.999Z"
"2024-07-20T00:00:00.000Z";"2024-07-20T23:59:59.999Z";"2024-07-20T18:51:00.000Z";"2024-07-20T09:10:00.000Z";"2781";2.5455366679;2.6647976545;2.4654857669;2.6435360079;334321258.64;2640266806.5;"2024-07-20T23:59:59.999Z"
"2024-07-19T00:00:00.000Z";"2024-07-19T23:59:59.999Z";"2024-07-19T19:37:00.000Z";"2024-07-19T01:22:00.000Z";"2781";2.4339722734;2.5813179192;2.3185000236;2.5456473388;551670088.93;2542708935.55;"2024-07-19T23:59:59.999Z"
"2024-07-18T00:00:00.000Z";"2024-07-18T23:59:59.999Z";"2024-07-18T13:14:00.000Z";"2024-07-18T00:00:00.000Z";"2781";2.1685595347;2.4925237846;2.1685595347;2.4332974368;609058822.39;2430488719.31;"2024-07-18T23:59:59.999Z"
"2024-07-17T00:00:00.000Z";"2024-07-17T23:59:59.999Z";"2024-07-17T01:35:00.000Z";"2024-07-17T17:22:00.000Z";"2781";2.2070266213;2.2948104952;2.112484934;2.1678673509;413337825.56;2165365023.83;"2024-07-17T23:59:59.999Z"
"2024-07-16T00:00:00.000Z";"2024-07-16T23:59:59.999Z";"2024-07-16T16:07:00.000Z";"2024-07-16T08:40:00.000Z";"2781";2.1718730175;2.293831837;2.0726222685;2.2071821325;662560397.47;2204634434.17;"2024-07-16T23:59:59.999Z"
"2024-07-15T00:00:00.000Z";"2024-07-15T23:59:59.999Z";"2024-07-15T23:58:00.000Z";"2024-07-15T00:15:00.000Z";"2781";1.7292269914;2.1747165186;1.7281537454;2.1742797666;561304147.77;2171770056.76;"2024-07-15T23:59:59.999Z"
"2024-07-14T00:00:00.000Z";"2024-07-14T23:59:59.999Z";"2024-07-14T09:41:00.000Z";"2024-07-14T00:03:00.000Z";"2781";1.6040099977;1.7594730409;1.6032154847;1.7290430749;308019815.7;1727047297.95;"2024-07-14T23:59:59.999Z"
"2024-07-13T00:00:00.000Z";"2024-07-13T23:59:59.999Z";"2024-07-13T23:20:00.000Z";"2024-07-13T00:00:00.000Z";"2781";1.5687463252;1.6388086426;1.5687463252;1.603689334;189939684.79;1601838254.25;"2024-07-13T23:59:59.999Z"
"2024-07-12T00:00:00.000Z";"2024-07-12T23:59:59.999Z";"2024-07-12T18:52:00.000Z";"2024-07-12T12:34:00.000Z";"2781";1.5431248583;1.6175707596;1.5345986559;1.5688235778;273613760.81;1567012742.64;"2024-07-12T23:59:59.999Z"
"2024-07-11T00:00:00.000Z";"2024-07-11T23:59:59.999Z";"2024-07-11T12:40:00.000Z";"2024-07-11T21:34:00.000Z";"2781";1.6491157546;1.7199430774;1.5003226219;1.543028316;347211548.59;1541247272.63;"2024-07-11T23:59:59.999Z"
"2024-07-10T00:00:00.000Z";"2024-07-10T23:59:59.999Z";"2024-07-10T05:13:00.000Z";"2024-07-10T21:17:00.000Z";"2781";1.7018606991;1.7732552223;1.6061362685;1.6495209084;316602822.86;1647616948.03;"2024-07-10T23:59:59.999Z"
"2024-07-09T00:00:00.000Z";"2024-07-09T23:59:59.999Z";"2024-07-09T06:40:00.000Z";"2024-07-09T00:34:00.000Z";"2781";1.6586655081;1.744741491;1.616207179;1.7015519435;408747741.9;1699587934.38;"2024-07-09T23:59:59.999Z"
"2024-07-08T00:00:00.000Z";"2024-07-08T23:59:59.999Z";"2024-07-08T09:04:00.000Z";"2024-07-08T01:19:00.000Z";"2781";1.664030766;1.8054500972;1.5639661681;1.6594380626;613488672.76;1657522684.92;"2024-07-08T23:59:59.999Z"
"2024-07-07T00:00:00.000Z";"2024-07-07T23:59:59.999Z";"2024-07-07T00:10:00.000Z";"2024-07-07T23:52:00.000Z";"2781";2.011855867;2.0141699302;1.6489551012;1.6641603824;434816977.39;1662239559.31;"2024-07-07T23:59:59.999Z"
"2024-07-06T00:00:00.000Z";"2024-07-06T23:59:59.999Z";"2024-07-06T17:20:00.000Z";"2024-07-06T02:15:00.000Z";"2781";1.9223419474;2.0586443783;1.8861856244;2.0124037407;377789153.07;2010080965.53;"2024-07-06T23:59:59.999Z"
"2024-07-05T00:00:00.000Z";"2024-07-05T23:59:59.999Z";"2024-07-05T17:20:00.000Z";"2024-07-05T04:10:00.000Z";"2781";1.7219379513;1.9766599659;1.5135948632;1.922205322;742566807.25;1919986666.27;"2024-07-05T23:59:59.999Z"
"2024-07-04T00:00:00.000Z";"2024-07-04T23:59:59.999Z";"2024-07-04T19:38:00.000Z";"2024-07-04T23:52:00.000Z";"2781";1.8116924063;1.8902205179;1.7139554626;1.7216093776;499781148.3;1719622254.78;"2024-07-04T23:59:59.999Z"
"2024-07-03T00:00:00.000Z";"2024-07-03T23:59:59.999Z";"2024-07-03T00:01:00.000Z";"2024-07-03T23:10:00.000Z";"2781";2.2016950475;2.2020848088;1.7952585979;1.8117613235;516814402.7;1809670215.49;"2024-07-03T23:59:59.999Z"
"2024-07-02T00:00:00.000Z";"2024-07-02T23:59:59.999Z";"2024-07-02T03:46:00.000Z";"2024-07-02T17:34:00.000Z";"2781";2.2683970566;2.3317459662;2.1618232213;2.2020346593;299676306.71;2199493112.67;"2024-07-02T23:59:59.999Z"
"2024-07-01T00:00:00.000Z";"2024-07-01T23:59:59.999Z";"2024-07-01T18:07:00.000Z";"2024-07-01T11:52:00.000Z";"2781";2.1958177946;2.3430047552;2.1634595222;2.267820675;463450264.15;2265203211.5;"2024-07-01T23:59:59.999Z"
"2024-06-30T00:00:00.000Z";"2024-06-30T23:59:59.999Z";"2024-06-30T23:00:00.000Z";"2024-06-30T05:34:00.000Z";"2781";2.0894530373;2.207648525;1.9181762016;2.1989016318;395529926.97;2196363721.67;"2024-06-30T23:59:59.999Z"
"2024-06-29T00:00:00.000Z";"2024-06-29T23:59:59.999Z";"2024-06-29T16:11:00.000Z";"2024-06-29T00:00:00.000Z";"2781";1.978891518;2.1668826999;1.978891518;2.0893733671;316106575.41;2086961873.61;"2024-06-29T23:59:59.999Z"
"2024-06-28T00:00:00.000Z";"2024-06-28T23:59:59.999Z";"2024-06-28T01:40:00.000Z";"2024-06-28T21:22:00.000Z";"2781";2.1129867207;2.1390492331;1.9007918146;1.9786109685;365721060.05;1976327314.07;"2024-06-28T23:59:59.999Z"
"2024-06-27T00:00:00.000Z";"2024-06-27T23:59:59.999Z";"2024-06-27T14:31:00.000Z";"2024-06-27T12:36:00.000Z";"2781";2.0039567322;2.2428989171;1.9759580833;2.1127176025;556114480.37;2110279175.03;"2024-06-27T23:59:59.999Z"
"2024-06-26T00:00:00.000Z";"2024-06-26T23:59:59.999Z";"2024-06-26T02:35:00.000Z";"2024-06-26T17:42:00.000Z";"2781";2.0409339147;2.1382483598;1.9171596359;2.0041244891;478258574.62;2001931645.97;"2024-06-26T23:59:59.999Z"
"2024-06-25T00:00:00.000Z";"2024-06-25T23:59:59.999Z";"2024-06-25T20:37:00.000Z";"2024-06-25T00:34:00.000Z";"2781";1.8377900261;2.0773028138;1.8141467011;2.0408941184;622521932.1;2038661126.76;"2024-06-25T23:59:59.999Z"
"2024-06-24T00:00:00.000Z";"2024-06-24T23:59:59.999Z";"2024-06-24T23:52:00.000Z";"2024-06-24T07:13:00.000Z";"2781";1.5856373757;1.8540911004;1.5215219022;1.8384742549;624942412.81;1836462736.89;"2024-06-24T23:59:59.999Z"
"2024-06-23T00:00:00.000Z";"2024-06-23T23:59:59.999Z";"2024-06-23T07:31:00.000Z";"2024-06-23T23:37:00.000Z";"2781";1.7440906403;1.8000886027;1.5788972399;1.5860249807;292815076.88;1584289676.86;"2024-06-23T23:59:59.999Z"
"2024-06-22T00:00:00.000Z";"2024-06-22T23:59:59.999Z";"2024-06-22T17:10:00.000Z";"2024-06-22T00:47:00.000Z";"2781";1.7623011077;1.8137173472;1.7062590951;1.7443286353;262418524.77;1742420129.16;"2024-06-22T23:59:59.999Z"
"2024-06-21T00:00:00.000Z";"2024-06-21T23:59:59.999Z";"2024-06-21T02:08:00.000Z";"2024-06-21T18:04:00.000Z";"2781";1.9522528501;1.9741189025;1.7412556486;1.7623161225;437126605.7;1760387958.05;"2024-06-21T23:59:59.999Z"
"2024-06-20T00:00:00.000Z";"2024-06-20T23:59:59.999Z";"2024-06-20T11:32:00.000Z";"2024-06-20T16:10:00.000Z";"2781";2.0297852965;2.1791617398;1.9516601277;1.9522059706;388663142.37;1950070049.67;"2024-06-20T23:59:59.999Z"
"2024-06-19T00:00:00.000Z";"2024-06-19T23:59:59.999Z";"2024-06-19T04:14:00.000Z";"2024-06-19T14:35:00.000Z";"2781";2.0654715262;2.1577974694;1.9782350144;2.0297852965;354775992.46;2027564501.75;"2024-06-19T23:59:59.999Z"
"2024-06-18T00:00:00.000Z";"2024-06-18T23:59:59.999Z";"2024-06-18T00:07:00.000Z";"2024-06-18T19:17:00.000Z";"2781";2.3093843168;2.3221234508;1.8980771157;2.0655044818;601864078.06;2063244607.34;"2024-06-18T23:59:59.999Z"
"2024-06-17T00:00:00.000Z";"2024-06-17T23:59:59.999Z";"2024-06-17T00:40:00.000Z";"2024-06-17T16:22:00.000Z";"2781";2.6046061496;2.6371532382;2.2496362827;2.3099388295;388424553.41;2307411525.68;"2024-06-17T23:59:59.999Z"
"2024-06-16T00:00:00.000Z";"2024-06-16T23:59:59.999Z";"2024-06-16T22:13:00.000Z";"2024-06-16T04:28:00.000Z";"2781";2.4170560864;2.6269070941;2.3663336958;2.6041001229;276660344.18;2601250981.22;"2024-06-16T23:59:59.999Z"
"2024-06-15T00:00:00.000Z";"2024-06-15T23:59:59.999Z";"2024-06-15T04:49:00.000Z";"2024-06-15T20:28:00.000Z";"2781";2.3429672035;2.4563309662;2.3111699382;2.4168693623;235469204.62;2414225071.58;"2024-06-15T23:59:59.999Z"
"2024-06-14T00:00:00.000Z";"2024-06-14T23:59:59.999Z";"2024-06-14T12:20:00.000Z";"2024-06-14T18:25:00.000Z";"2781";2.3858040003;2.4832036351;2.2199092739;2.3434109437;391522681.55;2340847025.64;"2024-06-14T23:59:59.999Z"
"2024-06-13T00:00:00.000Z";"2024-06-13T23:59:59.999Z";"2024-06-13T00:00:00.000Z";"2024-06-13T23:13:00.000Z";"2781";2.6646959922;2.6646959922;2.3614514385;2.3860251137;345709312.88;2383414577.27;"2024-06-13T23:59:59.999Z"
"2024-06-12T00:00:00.000Z";"2024-06-12T23:59:59.999Z";"2024-06-12T13:10:00.000Z";"2024-06-12T01:47:00.000Z";"2781";2.5467562978;2.8963754003;2.4457276281;2.6648150778;539969652.2;2661899524.46;"2024-06-12T23:59:59.999Z"
"2024-06-11T00:00:00.000Z";"2024-06-11T23:59:59.999Z";"2024-06-11T10:25:00.000Z";"2024-06-11T15:51:00.000Z";"2781";2.6920771445;2.7251239623;2.4115275771;2.5469108792;483829207.66;2544124329.46;"2024-06-11T23:59:59.999Z"
"2024-06-10T00:00:00.000Z";"2024-06-10T23:59:59.999Z";"2024-06-10T15:55:00.000Z";"2024-06-10T14:13:00.000Z";"2781";2.7730322016;2.8904516804;2.6567278466;2.6920523125;452859909.21;2689106970.07;"2024-06-10T23:59:59.999Z"
"2024-06-09T00:00:00.000Z";"2024-06-09T23:59:59.999Z";"2024-06-09T19:13:00.000Z";"2024-06-09T02:37:00.000Z";"2781";2.710318462;2.8130785213;2.6497669783;2.7730186559;380632324.6;2769984732.94;"2024-06-09T23:59:59.999Z"
"2024-06-08T00:00:00.000Z";"2024-06-08T23:59:59.999Z";"2024-06-08T02:01:00.000Z";"2024-06-08T13:34:00.000Z";"2781";2.8588627724;2.9288639552;2.6599323384;2.7104164788;492445223.61;2707451050.97;"2024-06-08T23:59:59.999Z"
"2024-06-07T00:00:00.000Z";"2024-06-07T23:59:59.999Z";"2024-06-07T08:56:00.000Z";"2024-06-07T18:17:00.000Z";"2781";3.2290981066;3.3277174296;2.6557688426;2.8594697068;814630778.04;2856341233.55;"2024-06-07T23:59:59.999Z"
"2024-06-06T00:00:00.000Z";"2024-06-06T23:59:59.999Z";"2024-06-06T02:37:00.000Z";"2024-06-06T23:59:00.000Z";"2781";3.3936451028;3.4486069451;3.2290981066;3.2290981066;437746946.1;3225565234.42;"2024-06-06T23:59:59.999Z"
"2024-06-05T00:00:00.000Z";"2024-06-05T23:59:59.999Z";"2024-06-05T02:36:00.000Z";"2024-06-05T14:17:00.000Z";"2781";3.4052149699;3.5772634653;3.3661880276;3.3936451028;613998517.98;3389932229.29;"2024-06-05T23:59:59.999Z"
"2024-06-04T00:00:00.000Z";"2024-06-04T23:59:59.999Z";"2024-06-04T18:07:00.000Z";"2024-06-04T09:58:00.000Z";"2781";3.2677456586;3.4956534183;3.2058083975;3.4052446971;544657145.3;3401519133.09;"2024-06-04T23:59:59.999Z"
"2024-06-03T00:00:00.000Z";"2024-06-03T23:59:59.999Z";"2024-06-03T13:36:00.000Z";"2024-06-03T04:49:00.000Z";"2781";3.1998739224;3.5040233938;3.0840011873;3.2677456586;780510607.43;3264170541.57;"2024-06-03T23:59:59.999Z"
"2024-06-02T00:00:00.000Z";"2024-06-02T23:59:59.999Z";"2024-06-02T15:51:00.000Z";"2024-06-02T18:06:00.000Z";"2781";3.2755847242;3.3474678926;3.1141874898;3.199868721;531914249.21;3196367868;"2024-06-02T23:59:59.999Z"
"2024-06-01T00:00:00.000Z";"2024-06-01T23:59:59.999Z";"2024-06-01T14:41:00.000Z";"2024-06-01T01:02:00.000Z";"2781";3.3058726614;3.4444433105;3.2654354069;3.2755829559;371759849.32;3272001035.63;"2024-06-01T23:59:59.999Z"
"2024-05-31T00:00:00.000Z";"2024-05-31T23:59:59.999Z";"2024-05-31T13:10:00.000Z";"2024-05-31T16:15:00.000Z";"2781";3.3744335527;3.5436039736;3.1873977824;3.3058726614;643745726.58;3302255836.15;"2024-05-31T23:59:59.999Z"
"2024-05-30T00:00:00.000Z";"2024-05-30T23:59:59.999Z";"2024-05-30T05:25:00.000Z";"2024-05-30T12:10:00.000Z";"2781";3.6727236439;3.7884134753;3.3435081178;3.3732948613;995890354.03;3369604273.3;"2024-05-30T23:59:59.999Z"
"2024-05-29T00:00:00.000Z";"2024-05-29T23:59:59.999Z";"2024-05-29T04:05:00.000Z";"2024-05-29T23:59:00.000Z";"2781";3.7785199225;4.0583976557;3.6721535379;3.6726514452;1131197186.89;3668705489.57;"2024-05-29T23:59:59.999Z"
"2024-05-28T00:00:00.000Z";"2024-05-28T23:59:59.999Z";"2024-05-28T13:44:00.000Z";"2024-05-28T04:56:00.000Z";"2781";3.4029023822;3.8177547306;3.1699986454;3.7781463948;1429787610.85;3774012902.59;"2024-05-28T23:59:59.999Z"
"2024-05-27T00:00:00.000Z";"2024-05-27T23:59:59.999Z";"2024-05-27T22:40:00.000Z";"2024-05-27T00:06:00.000Z";"2781";2.9513868968;3.4396785671;2.9470071741;3.4029023822;959685298.06;3399179432.88;"2024-05-27T23:59:59.999Z"
"2024-05-26T00:00:00.000Z";"2024-05-26T23:59:59.999Z";"2024-05-26T02:10:00.000Z";"2024-05-26T21:34:00.000Z";"2781";3.0896518697;3.2423145054;2.9307424812;2.9513868968;613561555.88;2948157933.68;"2024-05-26T23:59:59.999Z"
"2024-05-25T00:00:00.000Z";"2024-05-25T23:59:59.999Z";"2024-05-25T11:25:00.000Z";"2024-05-25T01:40:00.000Z";"2781";2.8726557756;3.0904689658;2.84816198;3.0896373768;539467178.68;3086257162.38;"2024-05-25T23:59:59.999Z"
"2024-05-24T00:00:00.000Z";"2024-05-24T23:59:59.999Z";"2024-05-24T00:09:00.000Z";"2024-05-24T07:10:00.000Z";"2781";2.9266518921;2.9366015962;2.7273180936;2.8727144176;410507951.64;2869571529.17;"2024-05-24T23:59:59.999Z"
"2024-05-23T00:00:00.000Z";"2024-05-23T23:59:59.999Z";"2024-05-23T09:32:00.000Z";"2024-05-23T20:08:00.000Z";"2781";3.0334243681;3.0487947344;2.7341703234;2.9266518921;906978040.39;2923449997.76;"2024-05-23T23:59:59.999Z"
"2024-05-22T00:00:00.000Z";"2024-05-22T23:59:59.999Z";"2024-05-22T15:58:00.000Z";"2024-05-22T05:10:00.000Z";"2781";2.7525317743;3.2532815375;2.7306712953;3.0332975546;1408058611;3029978993.08;"2024-05-22T23:59:59.999Z"
"2024-05-21T00:00:00.000Z";"2024-05-21T23:59:59.999Z";"2024-05-21T10:43:00.000Z";"2024-05-21T16:08:00.000Z";"2781";2.8258497026;2.8960611244;2.6739142502;2.7525246808;769136686.82;2749513375.56;"2024-05-21T23:59:59.999Z"
"2024-05-20T00:00:00.000Z";"2024-05-20T23:59:59.999Z";"2024-05-20T20:05:00.000Z";"2024-05-20T01:36:00.000Z";"2781";2.5294276721;2.8680361179;2.5136981308;2.8258621153;842947755.31;2822758180.88;"2024-05-20T23:59:59.999Z"
"2024-05-19T00:00:00.000Z";"2024-05-19T23:59:59.999Z";"2024-05-19T04:16:00.000Z";"2024-05-19T14:31:00.000Z";"2781";2.5544490618;2.6244126268;2.4447504755;2.5294276721;464877509.3;2526660458.58;"2024-05-19T23:59:59.999Z"
"2024-05-18T00:00:00.000Z";"2024-05-18T23:59:59.999Z";"2024-05-18T10:31:00.000Z";"2024-05-18T14:52:00.000Z";"2781";2.7897668429;2.8314161926;2.5264967346;2.5544477196;836556737.77;2551654474.9;"2024-05-18T23:59:59.999Z"
"2024-05-17T00:00:00.000Z";"2024-05-17T23:59:59.999Z";"2024-05-17T16:31:00.000Z";"2024-05-17T01:22:00.000Z";"2781";2.8415962726;2.9454499291;2.7864152083;2.7897668429;539602243.96;2786714819.58;"2024-05-17T23:59:59.999Z"
"2024-05-16T00:00:00.000Z";"2024-05-16T23:59:59.999Z";"2024-05-16T00:14:00.000Z";"2024-05-16T16:57:00.000Z";"2781";3.0609657351;3.1311777284;2.7594890301;2.8415962726;675807341.9;2838487549.81;"2024-05-16T23:59:59.999Z"
"2024-05-15T00:00:00.000Z";"2024-05-15T23:59:59.999Z";"2024-05-15T23:44:00.000Z";"2024-05-15T00:51:00.000Z";"2781";2.7830107819;3.0833568277;2.7609180725;3.060897999;953130811.55;3057549393.27;"2024-05-15T23:59:59.999Z"
"2024-05-14T00:00:00.000Z";"2024-05-14T23:59:59.999Z";"2024-05-14T12:26:00.000Z";"2024-05-14T16:11:00.000Z";"2781";3.0037984104;3.1411441616;2.7768638282;2.7830107819;901038331.31;2779966185.69;"2024-05-14T23:59:59.999Z"
"2024-05-13T00:00:00.000Z";"2024-05-13T23:59:59.999Z";"2024-05-13T16:41:00.000Z";"2024-05-13T04:46:00.000Z";"2781";2.9732328905;3.3350735643;2.7671094535;3.0037984104;659537829.95;3000512303.57;"2024-05-13T23:59:59.999Z"
"2024-05-12T00:00:00.000Z";"2024-05-12T23:59:59.999Z";"2024-05-12T16:23:00.000Z";"2024-05-12T21:30:00.000Z";"2781";3.0005043385;3.0575608908;2.9447700605;2.9732328905;176752010.68;2969980229.55;"2024-05-12T23:59:59.999Z"
"2024-05-11T00:00:00.000Z";"2024-05-11T23:59:59.999Z";"2024-05-11T15:23:00.000Z";"2024-05-11T00:01:00.000Z";"2781";2.9785617977;3.1406148896;2.9778152155;3.0005064086;271501584.78;2997221859.01;"2024-05-11T23:59:59.999Z"
"2024-05-10T00:00:00.000Z";"2024-05-10T23:59:59.999Z";"2024-05-10T07:02:00.000Z";"2024-05-10T17:54:00.000Z";"2781";3.1207379264;3.2464556809;2.9086042552;2.9785617977;469875446.16;2975303330.16;"2024-05-10T23:59:59.999Z"
"2024-05-09T00:00:00.000Z";"2024-05-09T23:59:59.999Z";"2024-05-09T22:50:00.000Z";"2024-05-09T00:03:00.000Z";"2781";2.7807666114;3.1825940125;2.7769709602;3.1207307439;421315877.11;3117323943.75;"2024-05-09T23:59:59.999Z"
"2024-05-08T00:00:00.000Z";"2024-05-08T23:59:59.999Z";"2024-05-08T00:13:00.000Z";"2024-05-08T22:41:00.000Z";"2781";3.0047206896;3.011342951;2.7414475819;2.7807666114;480960456.33;2777724561.42;"2024-05-08T23:59:59.999Z"
"2024-05-07T00:00:00.000Z";"2024-05-07T23:59:59.999Z";"2024-05-07T01:52:00.000Z";"2024-05-07T23:29:00.000Z";"2781";3.3600833893;3.5695976476;2.9974301684;3.0047106901;578526440.86;3001423665.23;"2024-05-07T23:59:59.999Z"
"2024-05-06T00:00:00.000Z";"2024-05-06T23:59:59.999Z";"2024-05-06T09:16:00.000Z";"2024-05-06T00:01:00.000Z";"2781";3.2171262822;3.6666406718;3.2167701805;3.3600833893;621767557.32;3356407612.48;"2024-05-06T23:59:59.999Z"
"2024-05-05T00:00:00.000Z";"2024-05-05T23:59:59.999Z";"2024-05-05T07:46:00.000Z";"2024-05-05T21:24:00.000Z";"2781";3.3936112272;3.4912936129;3.1822333364;3.2171277286;388774583.84;3213607038.85;"2024-05-05T23:59:59.999Z"
"2024-05-04T00:00:00.000Z";"2024-05-04T23:59:59.999Z";"2024-05-04T14:51:00.000Z";"2024-05-04T00:26:00.000Z";"2781";3.1074651895;3.4732565915;3.0905998884;3.3936112272;546978472.19;3389898964.47;"2024-05-04T23:59:59.999Z"
"2024-05-03T00:00:00.000Z";"2024-05-03T23:59:59.999Z";"2024-05-03T23:27:00.000Z";"2024-05-03T10:49:00.000Z";"2781";2.7342673471;3.1564121041;2.7296588447;3.1074651895;444766259.67;3104065957.69;"2024-05-03T23:59:59.999Z"
"2024-05-02T00:00:00.000Z";"2024-05-02T23:59:59.999Z";"2024-05-02T14:46:00.000Z";"2024-05-02T05:31:00.000Z";"2781";2.6155126824;2.8292811262;2.5063063835;2.7342673471;431302207.72;2731276409.88;"2024-05-02T23:59:59.999Z"
"2024-05-01T00:00:00.000Z";"2024-05-01T23:59:59.999Z";"2024-05-01T18:55:00.000Z";"2024-05-01T08:24:00.000Z";"2781";2.5027296746;2.6955933286;2.2810357222;2.6155126824;539683830.16;2612651666.63;"2024-05-01T23:59:59.999Z"
"2024-04-30T00:00:00.000Z";"2024-04-30T23:59:59.999Z";"2024-04-30T00:57:00.000Z";"2024-04-30T17:44:00.000Z";"2781";2.7737547251;2.8008248535;2.3462212668;2.502735682;399173479.27;2499998037.46;"2024-04-30T23:59:59.999Z"
"2024-04-29T00:00:00.000Z";"2024-04-29T23:59:59.999Z";"2024-04-29T23:41:00.000Z";"2024-04-29T17:24:00.000Z";"2781";2.6519072122;2.8047225079;2.5542939268;2.7730452673;336188485.08;2770720623.66;"2024-04-29T23:59:59.999Z"
"2024-04-28T00:00:00.000Z";"2024-04-28T23:59:59.999Z";"2024-04-28T03:16:00.000Z";"2024-04-28T23:43:00.000Z";"2781";2.7660770701;2.8335479615;2.6317894577;2.6519072122;224288577.1;2649006395;"2024-04-28T23:59:59.999Z"
"2024-04-27T00:00:00.000Z";"2024-04-27T23:59:59.999Z";"2024-04-27T00:07:00.000Z";"2024-04-27T11:09:00.000Z";"2781";2.8399712682;2.8525500914;2.6225796895;2.7660770701;357781272.15;2763051374.69;"2024-04-27T23:59:59.999Z"
"2024-04-26T00:00:00.000Z";"2024-04-26T23:59:59.999Z";"2024-04-26T00:05:00.000Z";"2024-04-26T23:07:00.000Z";"2781";3.1572644442;3.1811657255;2.8256150983;2.8399712682;428720860.86;2836864749.62;"2024-04-26T23:59:59.999Z"
"2024-04-25T00:00:00.000Z";"2024-04-25T23:59:59.999Z";"2024-04-25T17:06:00.000Z";"2024-04-25T04:17:00.000Z";"2781";3.1052609286;3.3386310997;2.8545836711;3.1572644442;746246853.68;3153810864.63;"2024-04-25T23:59:59.999Z"
"2024-04-24T00:00:00.000Z";"2024-04-24T23:59:59.999Z";"2024-04-24T11:59:00.000Z";"2024-04-24T00:59:00.000Z";"2781";3.0140593665;3.5514281405;2.9772923195;3.1052541831;964684893.55;3101857498.88;"2024-04-24T23:59:59.999Z"
"2024-04-23T00:00:00.000Z";"2024-04-23T23:59:59.999Z";"2024-04-23T15:15:00.000Z";"2024-04-23T08:16:00.000Z";"2781";2.9101657166;3.1096723043;2.7516562426;3.0140262522;433277313.62;3010729375.94;"2024-04-23T23:59:59.999Z"
"2024-04-22T00:00:00.000Z";"2024-04-22T23:59:59.999Z";"2024-04-22T06:29:00.000Z";"2024-04-22T16:43:00.000Z";"2781";2.9244357689;3.0687300324;2.7930399826;2.910184181;418444693.95;2907000893.45;"2024-04-22T23:59:59.999Z"
"2024-04-21T00:00:00.000Z";"2024-04-21T23:59:59.999Z";"2024-04-21T03:11:00.000Z";"2024-04-21T21:01:00.000Z";"2781";3.0321982025;3.1909631935;2.9058075993;2.9244560972;406692743.82;2921236892.55;"2024-04-21T23:59:59.999Z"
"2024-04-20T00:00:00.000Z";"2024-04-20T23:59:59.999Z";"2024-04-20T18:36:00.000Z";"2024-04-20T15:15:00.000Z";"2781";2.9305820454;3.0892688882;2.7209400638;3.0321982025;473044086.6;3028881480.14;"2024-04-20T23:59:59.999Z"
"2024-04-19T00:00:00.000Z";"2024-04-19T23:59:59.999Z";"2024-04-19T17:17:00.000Z";"2024-04-19T02:50:00.000Z";"2781";2.5714759419;3.0721247528;2.2553316724;2.9305820454;818284852.33;2927376486.36;"2024-04-19T23:59:59.999Z"
"2024-04-18T00:00:00.000Z";"2024-04-18T23:59:59.999Z";"2024-04-18T16:32:00.000Z";"2024-04-18T08:16:00.000Z";"2781";2.4198834955;2.6551861183;2.2585185234;2.571467;482233096.79;2568663183.98;"2024-04-18T23:59:59.999Z"
"2024-04-17T00:00:00.000Z";"2024-04-17T23:59:59.999Z";"2024-04-17T05:41:00.000Z";"2024-04-17T15:16:00.000Z";"2781";2.6833909533;2.7774570217;2.333112165;2.4198834955;494495768.5;2417236561.92;"2024-04-17T23:59:59.999Z"
"2024-04-16T00:00:00.000Z";"2024-04-16T23:59:59.999Z";"2024-04-16T01:36:00.000Z";"2024-04-16T16:25:00.000Z";"2781";2.7511743703;2.7874136755;2.4210118795;2.6833941395;676643217.7;2680455798.34;"2024-04-16T23:59:59.999Z"
"2024-04-15T00:00:00.000Z";"2024-04-15T23:59:59.999Z";"2024-04-15T09:02:00.000Z";"2024-04-15T19:08:00.000Z";"2781";3.051613063;3.1227580075;2.4720041432;2.7511743703;835328827.09;2748203577.63;"2024-04-15T23:59:59.999Z"
"2024-04-14T00:00:00.000Z";"2024-04-14T23:59:59.999Z";"2024-04-14T23:32:00.000Z";"2024-04-14T03:16:00.000Z";"2781";2.3455713695;3.0893980441;2.2655851339;3.0522236339;1180927370.49;3048317848.46;"2024-04-14T23:59:59.999Z"
"2024-04-13T00:00:00.000Z";"2024-04-13T23:59:59.999Z";"2024-04-13T13:25:00.000Z";"2024-04-13T21:31:00.000Z";"2781";2.6724393018;2.8588739132;1.979001351;2.3457394749;1093002543.88;2343206481.79;"2024-04-13T23:59:59.999Z"
"2024-04-12T00:00:00.000Z";"2024-04-12T23:59:59.999Z";"2024-04-12T03:43:00.000Z";"2024-04-12T18:39:00.000Z";"2781";3.459283089;3.5588847979;2.4554806099;2.6724393018;898033206.77;2669553529.43;"2024-04-12T23:59:59.999Z"
"2024-04-11T00:00:00.000Z";"2024-04-11T23:59:59.999Z";"2024-04-11T06:48:00.000Z";"2024-04-11T23:28:00.000Z";"2781";3.6249157721;3.8441393384;3.4325711372;3.459283089;457436548.55;3455547661.33;"2024-04-11T23:59:59.999Z"
"2024-04-10T00:00:00.000Z";"2024-04-10T23:59:59.999Z";"2024-04-10T22:31:00.000Z";"2024-04-10T13:49:00.000Z";"2781";3.5880154628;3.6838450979;3.314915814;3.6249157721;621066367.76;3621001489.82;"2024-04-10T23:59:59.999Z"
"2024-04-09T00:00:00.000Z";"2024-04-09T23:59:59.999Z";"2024-04-09T00:03:00.000Z";"2024-04-09T23:35:00.000Z";"2781";4.1999557727;4.20512551;3.5434626374;3.5880368821;579210315.16;3584141026.46;"2024-04-09T23:59:59.999Z"
"2024-04-08T00:00:00.000Z";"2024-04-08T23:59:59.999Z";"2024-04-08T22:26:00.000Z";"2024-04-08T03:28:00.000Z";"2781";3.76642012;4.3140372428;3.6420087213;4.1999557727;651712192.09;4195420546.64;"2024-04-08T23:59:59.999Z"
"2024-04-07T00:00:00.000Z";"2024-04-07T23:59:59.999Z";"2024-04-07T18:01:00.000Z";"2024-04-07T00:28:00.000Z";"2781";3.5741388098;3.8965219806;3.4645229369;3.76642012;567277471.78;3762353037.41;"2024-04-07T23:59:59.999Z"
"2024-04-06T00:00:00.000Z";"2024-04-06T23:59:59.999Z";"2024-04-06T23:58:00.000Z";"2024-04-06T00:14:00.000Z";"2781";3.2222445177;3.579524298;3.1973941578;3.5741388098;383811656.37;3570279357.8;"2024-04-06T23:59:59.999Z"
"2024-04-05T00:00:00.000Z";"2024-04-05T23:59:59.999Z";"2024-04-05T00:17:00.000Z";"2024-04-05T12:08:00.000Z";"2781";3.5435627634;3.5822267339;3.1943105714;3.2222445177;574775158.38;3218765050.72;"2024-04-05T23:59:59.999Z"
"2024-04-04T00:00:00.000Z";"2024-04-04T23:59:59.999Z";"2024-04-04T13:22:00.000Z";"2024-04-04T22:13:00.000Z";"2781";3.6297904572;4.0063384805;3.4847617122;3.5435627634;652633710.8;3539736328.28;"2024-04-04T23:59:59.999Z"
"2024-04-03T00:00:00.000Z";"2024-04-03T23:59:59.999Z";"2024-04-03T07:20:00.000Z";"2024-04-03T21:10:00.000Z";"2781";3.8442797122;4.162907695;3.6189836594;3.6297904572;680897476.45;3625870911.03;"2024-04-03T23:59:59.999Z"
"2024-04-02T00:00:00.000Z";"2024-04-02T23:59:59.999Z";"2024-04-02T00:00:00.000Z";"2024-04-02T13:25:00.000Z";"2781";4.229799116;4.2304746849;3.6911823761;3.8438572698;881096058.2;3840128554.75;"2024-04-02T23:59:59.999Z"
"2024-04-01T00:00:00.000Z";"2024-04-01T23:59:59.999Z";"2024-04-01T01:46:00.000Z";"2024-04-01T15:56:00.000Z";"2781";4.5882218986;4.6361495315;3.9930298387;4.229799116;800456624.7;4225231664.23;"2024-04-01T23:59:59.999Z"
"2024-03-31T00:00:00.000Z";"2024-03-31T23:59:59.999Z";"2024-03-31T09:34:00.000Z";"2024-03-31T03:20:00.000Z";"2781";4.2624315513;4.8499674634;4.1910040081;4.5886304428;821007610.22;4583675515.24;"2024-03-31T23:59:59.999Z"
"2024-03-30T00:00:00.000Z";"2024-03-30T23:59:59.999Z";"2024-03-30T09:02:00.000Z";"2024-03-30T00:00:00.000Z";"2781";3.9210448741;4.6380008696;3.921000491;4.2624315513;1040662197.6;4257828862.13;"2024-03-30T23:59:59.999Z"
"2024-03-29T00:00:00.000Z";"2024-03-29T23:59:59.999Z";"2024-03-29T19:51:00.000Z";"2024-03-29T10:13:00.000Z";"2781";3.7408146063;4.1927900818;3.5183621036;3.9210325135;980886275.98;3916798476.35;"2024-03-29T23:59:59.999Z"
"2024-03-28T00:00:00.000Z";"2024-03-28T23:59:59.999Z";"2024-03-28T20:41:00.000Z";"2024-03-28T03:45:00.000Z";"2781";3.0505464834;3.9344724502;2.923213683;3.7411777562;872110667.89;3736775173.29;"2024-03-28T23:59:59.999Z"
"2024-03-27T00:00:00.000Z";"2024-03-27T23:59:59.999Z";"2024-03-27T01:13:00.000Z";"2024-03-27T15:56:00.000Z";"2781";3.2567061246;3.4388420862;3.0056017537;3.0505464834;650382593.63;3047252420.65;"2024-03-27T23:59:59.999Z"
"2024-03-26T00:00:00.000Z";"2024-03-26T23:59:59.999Z";"2024-03-26T18:38:00.000Z";"2024-03-26T00:05:00.000Z";"2781";2.6895340893;3.3576242746;2.6758942894;3.2567266184;707914290.61;3253209916.68;"2024-03-26T23:59:59.999Z"
"2024-03-25T00:00:00.000Z";"2024-03-25T23:59:59.999Z";"2024-03-25T10:17:00.000Z";"2024-03-25T13:22:00.000Z";"2781";2.820338432;2.9783287482;2.6352897336;2.6895340893;567734621.01;2686629857.49;"2024-03-25T23:59:59.999Z"
"2024-03-24T00:00:00.000Z";"2024-03-24T23:59:59.999Z";"2024-03-24T22:10:00.000Z";"2024-03-24T06:59:00.000Z";"2781";2.281424376;2.8482182708;2.2239436741;2.820338432;372499983.29;2817292954.12;"2024-03-24T23:59:59.999Z"
"2024-03-23T00:00:00.000Z";"2024-03-23T23:59:59.999Z";"2024-03-23T18:10:00.000Z";"2024-03-23T03:38:00.000Z";"2781";2.2246131739;2.4594795167;2.1426542237;2.2814181872;326037068.54;2278960832.08;"2024-03-23T23:59:59.999Z"
"2024-03-22T00:00:00.000Z";"2024-03-22T23:59:59.999Z";"2024-03-22T05:43:00.000Z";"2024-03-22T14:55:00.000Z";"2781";2.2882963086;2.4872293281;2.1224318492;2.2246131739;362405962.58;2222210976.29;"2024-03-22T23:59:59.999Z"
"2024-03-21T00:00:00.000Z";"2024-03-21T23:59:59.999Z";"2024-03-21T00:53:00.000Z";"2024-03-21T18:46:00.000Z";"2781";2.6047075559;2.6175178695;2.2293560949;2.2884892287;382516519.48;2285825344.24;"2024-03-21T23:59:59.999Z"
"2024-03-20T00:00:00.000Z";"2024-03-20T23:59:59.999Z";"2024-03-20T20:40:00.000Z";"2024-03-20T05:34:00.000Z";"2781";2.322033613;2.7401427037;1.9581954958;2.6046350036;787308275.69;2601822448.15;"2024-03-20T23:59:59.999Z"
"2024-03-19T00:00:00.000Z";"2024-03-19T23:59:59.999Z";"2024-03-19T17:31:00.000Z";"2024-03-19T07:19:00.000Z";"2781";2.5515986937;2.7304694534;2.1284355091;2.322033613;759145350.32;2319526218.14;"2024-03-19T23:59:59.999Z"
"2024-03-18T00:00:00.000Z";"2024-03-18T23:59:59.999Z";"2024-03-18T12:01:00.000Z";"2024-03-18T23:05:00.000Z";"2781";3.0509220025;3.2808704634;2.5105547296;2.5519454762;956277407.8;2549189816.31;"2024-03-18T23:59:59.999Z"
"2024-03-17T00:00:00.000Z";"2024-03-17T23:59:59.999Z";"2024-03-17T21:53:00.000Z";"2024-03-17T00:56:00.000Z";"2781";2.2149489634;3.1290975612;2.1854030217;2.9975145585;835290243.74;2994277761.01;"2024-03-17T23:59:59.999Z"
"2024-03-16T00:00:00.000Z";"2024-03-16T23:59:59.999Z";"2024-03-16T00:24:00.000Z";"2024-03-16T23:19:00.000Z";"2781";2.803691337;2.9313818856;2.0638861592;2.2149458026;798071111.1;2212554044.06;"2024-03-16T23:59:59.999Z"
"2024-03-15T00:00:00.000Z";"2024-03-15T23:59:59.999Z";"2024-03-15T02:08:00.000Z";"2024-03-15T12:13:00.000Z";"2781";3.1656813232;3.52703194;2.7100829017;2.803691337;1074369964.67;2800663835.11;"2024-03-15T23:59:59.999Z"
"2024-03-14T00:00:00.000Z";"2024-03-14T23:59:59.999Z";"2024-03-14T10:07:00.000Z";"2024-03-14T00:00:00.000Z";"2781";2.63934494;3.4327032269;2.6391301319;3.1656813232;1204486223.67;3162262934.65;"2024-03-14T23:59:59.999Z"
"2024-03-13T00:00:00.000Z";"2024-03-13T23:59:59.999Z";"2024-03-13T21:59:00.000Z";"2024-03-13T00:19:00.000Z";"2781";2.1720051682;2.7605947598;2.135395344;2.63934494;575753063.71;2636494903.76;"2024-03-13T23:59:59.999Z"
"2024-03-12T00:00:00.000Z";"2024-03-12T23:59:59.999Z";"2024-03-12T23:58:00.000Z";"2024-03-12T17:24:00.000Z";"2781";2.1053925831;2.1741027352;1.8041507083;2.1723186955;336085229.52;2169972966.9;"2024-03-12T23:59:59.999Z"
"2024-03-11T00:00:00.000Z";"2024-03-11T23:59:59.999Z";"2024-03-11T08:31:00.000Z";"2024-03-11T01:47:00.000Z";"2781";2.1368254597;2.2665447753;2.0211629023;2.1054361514;285078098.82;2103162644.41;"2024-03-11T23:59:59.999Z"
"2024-03-10T00:00:00.000Z";"2024-03-10T23:59:59.999Z";"2024-03-10T11:05:00.000Z";"2024-03-10T22:59:00.000Z";"2781";2.1832650247;2.4754563385;2.0361277144;2.1368168813;356574837.98;2134518057.65;"2024-03-10T23:59:59.999Z"
"2024-03-09T00:00:00.000Z";"2024-03-09T23:59:59.999Z";"2024-03-09T01:52:00.000Z";"2024-03-09T12:29:00.000Z";"2781";2.1599751481;2.2349686942;2.0307912847;2.1832621816;300397111.84;2180907475.96;"2024-03-09T23:59:59.999Z"
"2024-03-08T00:00:00.000Z";"2024-03-08T23:59:59.999Z";"2024-03-08T18:16:00.000Z";"2024-03-08T00:24:00.000Z";"2781";1.7145553467;2.3681582313;1.7046655311;2.1599751481;689726028.9;2157642748.42;"2024-03-08T23:59:59.999Z"
"2024-03-07T00:00:00.000Z";"2024-03-07T23:59:59.999Z";"2024-03-07T08:25:00.000Z";"2024-03-07T06:10:00.000Z";"2781";1.8467609952;1.8916711428;1.654028727;1.7145873354;445331478.72;1712703923.38;"2024-03-07T23:59:59.999Z"
"2024-03-06T00:00:00.000Z";"2024-03-06T23:59:59.999Z";"2024-03-06T14:12:00.000Z";"2024-03-06T03:01:00.000Z";"2781";1.5344861674;2.2253363542;1.4434295305;1.8467590977;996839319.64;1844764917.15;"2024-03-06T23:59:59.999Z"
"2024-03-05T00:00:00.000Z";"2024-03-05T23:59:59.999Z";"2024-03-05T11:37:00.000Z";"2024-03-05T19:59:00.000Z";"2781";1.4833457453;1.9556146596;1.0531445364;1.5345168435;1079961160.45;1532829187.69;"2024-03-05T23:59:59.999Z"
"2024-03-04T00:00:00.000Z";"2024-03-04T23:59:59.999Z";"2024-03-04T08:49:00.000Z";"2024-03-04T18:31:00.000Z";"2781";1.6108435261;1.9171291034;1.3373223295;1.4864702463;489524073.84;1484865115.4;"2024-03-04T23:59:59.999Z"
"2024-03-03T00:00:00.000Z";"2024-03-03T23:59:59.999Z";"2024-03-03T13:46:00.000Z";"2024-03-03T00:04:00.000Z";"2781";1.3865309171;1.7886067749;1.3686520324;1.610116146;417929568.4;1608377498.95;"2024-03-03T23:59:59.999Z"
"2024-03-02T00:00:00.000Z";"2024-03-02T23:59:59.999Z";"2024-03-02T23:55:00.000Z";"2024-03-02T16:49:00.000Z";"2781";1.2408021076;1.4010290705;1.1392785671;1.3879020848;271464656.83;1386403390.5;"2024-03-02T23:59:59.999Z"
"2024-03-01T00:00:00.000Z";"2024-03-01T23:59:59.999Z";"2024-03-01T22:19:00.000Z";"2024-03-01T00:01:00.000Z";"2781";0.8562035044;1.3122805076;0.8278804451;1.2406576938;382518499.91;1239317998.04;"2024-03-01T23:59:59.999Z"
"2024-02-29T00:00:00.000Z";"2024-02-29T23:59:59.999Z";"2024-02-29T00:07:00.000Z";"2024-02-29T22:58:00.000Z";"2781";0.8719379082;0.8879347131;0.7128613683;0.8683691817;187809849.84;867431493.1;"2024-02-29T23:59:59.999Z"
"2024-02-28T00:00:00.000Z";"2024-02-28T23:59:59.999Z";"2024-02-28T23:24:00.000Z";"2024-02-28T04:01:00.000Z";"2781";0.6063257834;0.8901700296;0.5958717459;0.8708407421;247553037.19;869900384.69;"2024-02-28T23:59:59.999Z"
"2024-02-27T00:00:00.000Z";"2024-02-27T23:59:59.999Z";"2024-02-27T19:18:00.000Z";"2024-02-27T00:00:00.000Z";"2781";0.4665615545;0.6723847586;0.4665615545;0.6057495719;153913246.99;605095467.11;"2024-02-27T23:59:59.999Z"
"2024-02-26T00:00:00.000Z";"2024-02-26T23:59:59.999Z";"2024-02-26T22:17:00.000Z";"2024-02-26T03:50:00.000Z";"2781";0.3487858984;0.4887032822;0.3464992672;0.466492433;74318533.05;465988701.83;"2024-02-26T23:59:59.999Z"
"2024-02-25T00:00:00.000Z";"2024-02-25T23:59:59.999Z";"2024-02-25T22:03:00.000Z";"2024-02-25T05:04:00.000Z";"2781";0.3411462794;0.3614783125;0.313515383;0.3490523455;32406541.66;348675429.35;"2024-02-25T23:59:59.999Z"
"2024-02-24T00:00:00.000Z";"2024-02-24T23:59:59.999Z";"2024-02-24T22:10:00.000Z";"2024-02-24T02:05:00.000Z";"2781";0.2971824112;0.3417763226;0.2870412497;0.3410896172;37850663.8;340721299.38;"2024-02-24T23:59:59.999Z"
"2024-02-23T00:00:00.000Z";"2024-02-23T23:59:59.999Z";"2024-02-23T20:14:00.000Z";"2024-02-23T16:22:00.000Z";"2781";0.3057440193;0.3154248492;0.2830661576;0.2971867736;43845829.47;296865863.23;"2024-02-23T23:59:59.999Z"
"2024-02-22T00:00:00.000Z";"2024-02-22T23:59:59.999Z";"2024-02-22T00:00:00.000Z";"2024-02-22T23:56:00.000Z";"2781";0.3516634904;0.3516634904;0.302088195;0.3051825815;42754890.51;304853037.07;"2024-02-22T23:59:59.999Z"
"2024-02-21T00:00:00.000Z";"2024-02-21T23:59:59.999Z";"2024-02-21T00:00:00.000Z";"2024-02-21T14:37:00.000Z";"2781";0.3994761575;0.3994761575;0.3164386971;0.3516659897;52060157.31;351286251.2;"2024-02-21T23:59:59.999Z"
"2024-02-20T00:00:00.000Z";"2024-02-20T23:59:59.999Z";"2024-02-20T20:39:00.000Z";"2024-02-20T15:32:00.000Z";"2781";0.3791559078;0.4029305004;0.3279009376;0.399525169;52628883.32;399093750.87;"2024-02-20T23:59:59.999Z"
"2024-02-19T00:00:00.000Z";"2024-02-19T23:59:59.999Z";"2024-02-19T00:41:00.000Z";"2024-02-19T22:38:00.000Z";"2781";0.4093309868;0.412547578;0.3754521419;0.3791560657;34506693.76;378746642.7;"2024-02-19T23:59:59.999Z"
"2024-02-18T00:00:00.000Z";"2024-02-18T23:59:59.999Z";"2024-02-18T17:33:00.000Z";"2024-02-18T02:20:00.000Z";"2781";0.3851603465;0.4443845954;0.3695271396;0.4093553838;45955156.22;408913350.71;"2024-02-18T23:59:59.999Z"
"2024-02-17T00:00:00.000Z";"2024-02-17T23:59:59.999Z";"2024-02-17T23:46:00.000Z";"2024-02-17T14:50:00.000Z";"2781";0.3737577503;0.3862146167;0.344508752;0.3847399023;36714300.38;384324449.71;"2024-02-17T23:59:59.999Z"
"2024-02-16T00:00:00.000Z";"2024-02-16T23:59:59.999Z";"2024-02-16T00:14:00.000Z";"2024-02-16T17:18:00.000Z";"2781";0.4059492933;0.4195620125;0.3537118939;0.3739388034;47951698.29;373535014.16;"2024-02-16T23:59:59.999Z"
"2024-02-15T00:00:00.000Z";"2024-02-15T23:59:59.999Z";"2024-02-15T10:43:00.000Z";"2024-02-15T22:01:00.000Z";"2781";0.4386222165;0.4705087407;0.4016920945;0.4058497267;51073413.06;405411479.21;"2024-02-15T23:59:59.999Z"
"2024-02-14T00:00:00.000Z";"2024-02-14T23:59:59.999Z";"2024-02-14T17:23:00.000Z";"2024-02-14T05:00:00.000Z";"2781";0.3703960178;0.4728888694;0.3621844838;0.4389006987;60619959.12;438426761.8;"2024-02-14T23:59:59.999Z"
"2024-02-13T00:00:00.000Z";"2024-02-13T23:59:59.999Z";"2024-02-13T05:06:00.000Z";"2024-02-13T23:20:00.000Z";"2781";0.370076527;0.4026300699;0.3656506341;0.3703273631;54872791.28;369927473.54;"2024-02-13T23:59:59.999Z"
"2024-02-12T00:00:00.000Z";"2024-02-12T23:59:59.999Z";"2024-02-12T20:57:00.000Z";"2024-02-12T11:59:00.000Z";"2781";0.2961255432;0.3761129393;0.2817693343;0.3703241323;58852191.01;369924246.25;"2024-02-12T23:59:59.999Z"
"2024-02-11T00:00:00.000Z";"2024-02-11T23:59:59.999Z";"2024-02-11T09:15:00.000Z";"2024-02-11T23:59:00.000Z";"2781";0.3172024043;0.3403634017;0.2960829431;0.2960829431;32778139.33;295763224.67;"2024-02-11T23:59:59.999Z"
"2024-02-10T00:00:00.000Z";"2024-02-10T23:59:59.999Z";"2024-02-10T20:49:00.000Z";"2024-02-10T00:00:00.000Z";"2781";0.2501930233;0.3377775787;0.2501930233;0.3168813064;56427891.99;316539129.38;"2024-02-10T23:59:59.999Z"
"2024-02-09T00:00:00.000Z";"2024-02-09T23:59:59.999Z";"2024-02-09T20:37:00.000Z";"2024-02-09T05:18:00.000Z";"2781";0.2194646134;0.2634848347;0.215004192;0.2499593058;42386176.48;249689392.95;"2024-02-09T23:59:59.999Z"
"2024-02-08T00:00:00.000Z";"2024-02-08T23:59:59.999Z";"2024-02-08T16:08:00.000Z";"2024-02-08T03:58:00.000Z";"2781";0.2159526918;0.2420773094;0.2108880855;0.2194257924;45729689.75;219188850.5;"2024-02-08T23:59:59.999Z"
"2024-02-07T00:00:00.000Z";"2024-02-07T23:59:59.999Z";"2024-02-07T22:15:00.000Z";"2024-02-07T07:56:00.000Z";"2781";0.1901780452;0.2388816356;0.1717778609;0.2158697106;60730494.29;215636608.6;"2024-02-07T23:59:59.999Z"
"2024-02-06T00:00:00.000Z";"2024-02-06T23:59:59.999Z";"2024-02-06T00:23:00.000Z";"2024-02-06T23:52:00.000Z";"2781";0.2126501419;0.2134479936;0.1897378925;0.1901136905;27773842.53;189908400.55;"2024-02-06T23:59:59.999Z"
"2024-02-05T00:00:00.000Z";"2024-02-05T23:59:59.999Z";"2024-02-05T14:08:00.000Z";"2024-02-05T01:11:00.000Z";"2781";0.2119873073;0.2241893942;0.2039867436;0.2125748167;37135674.62;212345272.62;"2024-02-05T23:59:59.999Z"
"2024-02-04T00:00:00.000Z";"2024-02-04T23:59:59.999Z";"2024-02-04T00:00:00.000Z";"2024-02-04T23:50:00.000Z";"2781";0.2428312102;0.2428312102;0.2112901265;0.2122746683;35309873.4;212045448.33;"2024-02-04T23:59:59.999Z"
"2024-02-03T00:00:00.000Z";"2024-02-03T23:59:59.999Z";"2024-02-03T02:08:00.000Z";"2024-02-03T21:58:00.000Z";"2781";0.2608472828;0.2774713124;0.2366088379;0.2427952349;57944396.64;242533057.99;"2024-02-03T23:59:59.999Z"
"2024-02-02T00:00:00.000Z";"2024-02-02T23:59:59.999Z";"2024-02-02T23:08:00.000Z";"2024-02-02T14:10:00.000Z";"2781";0.227416973;0.2730428037;0.2058630224;0.2604490228;69678293.08;260167782.85;"2024-02-02T23:59:59.999Z"
"2024-02-01T00:00:00.000Z";"2024-02-01T23:59:59.999Z";"2024-02-01T00:20:00.000Z";"2024-02-01T02:49:00.000Z";"2781";0.2510838677;0.2521641744;0.2140324716;0.2277063658;79428656.01;227460482.27;"2024-02-01T23:59:59.999Z"
"2024-01-31T00:00:00.000Z";"2024-01-31T23:59:59.999Z";"2024-01-31T00:05:00.000Z";"2024-01-31T21:31:00.000Z";"2781";0.2823143967;0.28436154;0.2437591493;0.2512783819;62939276.44;251007044.65;"2024-01-31T23:59:59.999Z"
"2024-01-30T00:00:00.000Z";"2024-01-30T23:59:59.999Z";"2024-01-30T02:10:00.000Z";"2024-01-30T23:45:00.000Z";"2781";0.3135677041;0.3423059526;0.2810064377;0.2820484768;62373638.15;281743913.26;"2024-01-30T23:59:59.999Z"
"2024-01-29T00:00:00.000Z";"2024-01-29T23:59:59.999Z";"2024-01-29T00:01:00.000Z";"2024-01-29T15:06:00.000Z";"2781";0.3304100085;0.3308163718;0.2941974507;0.313642156;60553285.71;313303476.73;"2024-01-29T23:59:59.999Z"
"2024-01-28T00:00:00.000Z";"2024-01-28T23:59:59.999Z";"2024-01-28T12:07:00.000Z";"2024-01-28T22:56:00.000Z";"2781";0.3448952325;0.3716256845;0.3167941972;0.330759748;52114459.6;330402584.62;"2024-01-28T23:59:59.999Z"
"2024-01-27T00:00:00.000Z";"2024-01-27T23:59:59.999Z";"2024-01-27T20:34:00.000Z";"2024-01-27T07:28:00.000Z";"2781";0.3508616173;0.3643193312;0.301763853;0.3446464585;58155386.83;344274299.88;"2024-01-27T23:59:59.999Z"
"2024-01-26T00:00:00.000Z";"2024-01-26T23:59:59.999Z";"2024-01-26T00:26:00.000Z";"2024-01-26T22:33:00.000Z";"2781";0.3835671491;0.3854852387;0.3450965611;0.3510016195;67052155.69;350622598.41;"2024-01-26T23:59:59.999Z"
"2024-01-25T00:00:00.000Z";"2024-01-25T23:59:59.999Z";"2024-01-25T19:41:00.000Z";"2024-01-25T05:33:00.000Z";"2781";0.3505444768;0.4068941976;0.328103364;0.3825115367;78882031.23;382098490.37;"2024-01-25T23:59:59.999Z"
"2024-01-24T00:00:00.000Z";"2024-01-24T23:59:59.999Z";"2024-01-24T23:53:00.000Z";"2024-01-24T00:09:00.000Z";"2781";0.2814609853;0.3530014362;0.2766493897;0.3505836943;122723482.65;350205124.55;"2024-01-24T23:59:59.999Z"
"2024-01-23T00:00:00.000Z";"2024-01-23T23:59:59.999Z";"2024-01-23T23:59:00.000Z";"2024-01-23T14:47:00.000Z";"2781";0.2315442153;0.281657324;0.2085170336;0.281657324;94751711.1;281353182.81;"2024-01-23T23:59:59.999Z"
"2024-01-22T00:00:00.000Z";"2024-01-22T23:59:59.999Z";"2024-01-22T00:22:00.000Z";"2024-01-22T23:52:00.000Z";"2781";0.2986605934;0.3063870794;0.228764951;0.2314635733;93719096.11;231213632.69;"2024-01-22T23:59:59.999Z"
"2024-01-21T00:00:00.000Z";"2024-01-21T23:59:59.999Z";"2024-01-21T11:07:00.000Z";"2024-01-21T23:59:00.000Z";"2781";0.3351779276;0.3442847346;0.2984811151;0.2984811151;44241329.26;298158807.07;"2024-01-21T23:59:59.999Z"
"2024-01-20T00:00:00.000Z";"2024-01-20T23:59:59.999Z";"2024-01-20T00:35:00.000Z";"2024-01-20T15:14:00.000Z";"2781";0.3994070255;0.4030621373;0.3298589355;0.3350143301;43294653.45;334652572.57;"2024-01-20T23:59:59.999Z"
"2024-01-19T00:00:00.000Z";"2024-01-19T23:59:59.999Z";"2024-01-19T23:02:00.000Z";"2024-01-19T16:47:00.000Z";"2781";0.3619793475;0.413479505;0.3205293338;0.3992514124;88145140.41;398820289.89;"2024-01-19T23:59:59.999Z"
"2024-01-18T00:00:00.000Z";"2024-01-18T23:59:59.999Z";"2024-01-18T07:29:00.000Z";"2024-01-18T23:50:00.000Z";"2781";0.4308492989;0.4813587741;0.3548063006;0.3631618313;157512862.39;362769679.27;"2024-01-18T23:59:59.999Z"
"2024-01-17T00:00:00.000Z";"2024-01-17T23:59:59.999Z";"2024-01-17T20:00:00.000Z";"2024-01-17T00:06:00.000Z";"2781";0.2922547683;0.4485569928;0.2904439915;0.4306984465;109398848.59;430233366.61;"2024-01-17T23:59:59.999Z"
"2024-01-16T00:00:00.000Z";"2024-01-16T23:59:59.999Z";"2024-01-16T08:01:00.000Z";"2024-01-16T05:35:00.000Z";"2781";0.2966998746;0.3245307672;0.26222878;0.2924816216;78286269.62;292165792.02;"2024-01-16T23:59:59.999Z"
"2024-01-15T00:00:00.000Z";"2024-01-15T23:59:59.999Z";"2024-01-15T13:10:00.000Z";"2024-01-15T22:25:00.000Z";"2781";0.3188776399;0.384590798;0.2636773743;0.2964556542;108257159.16;296135533.32;"2024-01-15T23:59:59.999Z"
"2024-01-14T00:00:00.000Z";"2024-01-14T23:59:59.999Z";"2024-01-14T23:03:00.000Z";"2024-01-14T01:29:00.000Z";"2781";0.2754092448;0.3743001248;0.2511803337;0.317372766;106823665.62;317030058.28;"2024-01-14T23:59:59.999Z"
"2024-01-13T00:00:00.000Z";"2024-01-13T23:59:59.999Z";"2024-01-13T23:17:00.000Z";"2024-01-13T03:29:00.000Z";"2781";0.2131362075;0.2896242765;0.1843025731;0.2756896257;58315101.36;275391928.58;"2024-01-13T23:59:59.999Z"
"2024-01-12T00:00:00.000Z";"2024-01-12T23:59:59.999Z";"2024-01-12T00:14:00.000Z";"2024-01-12T22:32:00.000Z";"2781";0.2774015306;0.2818599724;0.190102821;0.2128677816;80592524.42;212637921.16;"2024-01-12T23:59:59.999Z"
"2024-01-11T00:00:00.000Z";"2024-01-11T23:59:59.999Z";"2024-01-11T13:32:00.000Z";"2024-01-11T00:49:00.000Z";"2781";0.1727352516;0.3160229237;0.162426874;0.2774391012;133464389.2;277139514.98;"2024-01-11T23:59:59.999Z"
"2024-01-10T00:00:00.000Z";"2024-01-10T23:59:59.999Z";"2024-01-10T22:38:00.000Z";"2024-01-10T15:43:00.000Z";"2781";0.1299838241;0.2279702088;0.1097877153;0.1737203814;100408332.92;173532793.44;"2024-01-10T23:59:59.999Z"
"2024-01-09T00:00:00.000Z";"2024-01-09T23:59:59.999Z";"2024-01-09T04:56:00.000Z";"2024-01-09T22:12:00.000Z";"2781";0.1307582149;0.1552428605;0.0998942998;0.1297026636;36341849.37;129562607.17;"2024-01-09T23:59:59.999Z"
"2024-01-08T00:00:00.000Z";"2024-01-08T23:59:59.999Z";"2024-01-08T20:10:00.000Z";"2024-01-08T10:17:00.000Z";"2781";0.0896630385;0.1389377781;0.067701952;0.1309743681;37181669.18;130832938.4;"2024-01-08T23:59:59.999Z"
"2024-01-07T00:00:00.000Z";"2024-01-07T23:59:59.999Z";"2024-01-07T05:28:00.000Z";"2024-01-07T23:03:00.000Z";"2781";0.093903811;0.1023224156;0.0875555938;0.0896423178;10889275.54;89545519.56;"2024-01-07T23:59:59.999Z"
"2024-01-06T00:00:00.000Z";"2024-01-06T23:59:59.999Z";"2024-01-06T00:05:00.000Z";"2024-01-06T07:25:00.000Z";"2781";0.1155757065;0.1161005704;0.0853207586;0.0939630552;21581620.57;93861591.38;"2024-01-06T23:59:59.999Z"
"2024-01-05T00:00:00.000Z";"2024-01-05T23:59:59.999Z";"2024-01-05T00:00:00.000Z";"2024-01-05T18:38:00.000Z";"2781";0.1349832396;0.1349832396;0.098376921;0.1156077772;20861199.17;115482940.83;"2024-01-05T23:59:59.999Z"
"2024-01-04T00:00:00.000Z";"2024-01-04T23:59:59.999Z";"2024-01-04T15:05:00.000Z";"2024-01-04T00:08:00.000Z";"2781";0.0879518947;0.143778148;0.0876171039;0.1348612655;36016959.44;134715638.63;"2024-01-04T23:59:59.999Z"
"2024-01-03T00:00:00.000Z";"2024-01-03T23:59:59.999Z";"2024-01-03T00:19:00.000Z";"2024-01-03T23:18:00.000Z";"2781";0.1435440677;0.1490905486;0.0852250848;0.0880065743;47246129.42;0;"2024-01-03T23:59:59.999Z"
"2024-01-02T00:00:00.000Z";"2024-01-02T23:59:59.999Z";"2024-01-02T00:49:00.000Z";"2024-01-02T23:02:00.000Z";"2781";0.1719159328;0.1788793158;0.1332815987;0.1429402648;30384114.91;0;"2024-01-02T23:59:59.999Z"
"2024-01-01T00:00:00.000Z";"2024-01-01T23:59:59.999Z";"2024-01-01T23:59:00.000Z";"2024-01-01T00:37:00.000Z";"2781";0.152783443;0.1712928824;0.148456734;0.1712928824;9675547.71;0;"2024-01-01T23:59:59.999Z"
"2023-12-31T00:00:00.000Z";"2023-12-31T23:59:59.999Z";"2023-12-31T08:49:00.000Z";"2023-12-31T23:25:00.000Z";"2781";0.1673687306;0.1904413306;0.1488643383;0.1529654812;11940111.34;0;"2023-12-31T23:59:59.999Z"
"2023-12-30T00:00:00.000Z";"2023-12-30T23:59:59.999Z";"2023-12-30T18:44:00.000Z";"2023-12-30T09:02:00.000Z";"2781";0.1791290166;0.1991028509;0.1482655783;0.167262554;35621870.76;0;"2023-12-30T23:59:59.999Z"
"2023-12-29T00:00:00.000Z";"2023-12-29T23:59:59.999Z";"2023-12-29T06:19:00.000Z";"2023-12-29T17:57:00.000Z";"2781";0.1835418965;0.2221505774;0.1653782279;0.1791033902;51524975.93;0;"2023-12-29T23:59:59.999Z"
"2023-12-28T00:00:00.000Z";"2023-12-28T23:59:59.999Z";"2023-12-28T23:02:00.000Z";"2023-12-28T14:22:00.000Z";"2781";0.1800610915;0.1903083499;0.1353447982;0.1837298471;46207708.09;0;"2023-12-28T23:59:59.999Z"
"2023-12-27T00:00:00.000Z";"2023-12-27T23:59:59.999Z";"2023-12-27T23:40:00.000Z";"2023-12-27T04:36:00.000Z";"2781";0.1723785478;0.1931697636;0.1306001198;0.1802828962;32294017.8;0;"2023-12-27T23:59:59.999Z"
"2023-12-26T00:00:00.000Z";"2023-12-26T23:59:59.999Z";"2023-12-26T02:29:00.000Z";"2023-12-26T17:46:00.000Z";"2781";0.1969635256;0.2057057245;0.124569025;0.1750649715;41112350.96;0;"2023-12-26T23:59:59.999Z"
"2023-12-25T00:00:00.000Z";"2023-12-25T23:59:59.999Z";"2023-12-25T06:03:00.000Z";"2023-12-25T00:48:00.000Z";"2781";0.1436586444;0.2604217544;0.1239576102;0.1965514754;56785755.93;0;"2023-12-25T23:59:59.999Z"
"2023-12-24T00:00:00.000Z";"2023-12-24T23:59:59.999Z";"2023-12-24T02:21:00.000Z";"2023-12-24T23:05:00.000Z";"2781";0.2321590466;0.236530729;0.1409079001;0.1440500686;68659967.14;0;"2023-12-24T23:59:59.999Z"
"2023-12-23T00:00:00.000Z";"2023-12-23T23:59:59.999Z";"2023-12-23T05:22:00.000Z";"2023-12-23T03:44:00.000Z";"2781";0.2273003038;0.2470102018;0.1325181353;0.2343292326;150550687.68;0;"2023-12-23T23:59:59.999Z"
"2023-12-22T00:00:00.000Z";"2023-12-22T23:59:59.999Z";"2023-12-22T04:47:00.000Z";"2023-12-22T23:36:00.000Z";"2781";0.2824648888;0.3312509764;0.2171430805;0.226058749;68356380.69;0;"2023-12-22T23:59:59.999Z"
"2023-12-21T00:00:00.000Z";"2023-12-21T23:59:59.999Z";"2023-12-21T20:13:00.000Z";"2023-12-21T00:10:00.000Z";"2781";0.1856691554;0.2930649828;0.1840700786;0.2809355022;113313578.25;0;"2023-12-21T23:59:59.999Z"
"2023-12-20T00:00:00.000Z";"2023-12-20T23:59:59.999Z";"2023-12-20T19:50:00.000Z";"2023-12-20T15:09:00.000Z";"2781";0.1459420576;0.2108897318;0.1050228029;0.1860584703;111016061.25;0;"2023-12-20T23:59:59.999Z"
"2023-12-19T00:00:00.000Z";"2023-12-19T23:59:59.999Z";"2023-12-19T11:19:00.000Z";"2023-12-19T04:44:00.000Z";"2781";0.1222149835;0.208052676;0.0904535115;0.1468757089;122808844.49;0;"2023-12-19T23:59:59.999Z"
"2023-12-18T00:00:00.000Z";"2023-12-18T23:59:59.999Z";"2023-12-18T17:59:00.000Z";"2023-12-18T02:04:00.000Z";"2781";0.0801624621;0.1446457412;0.0680868141;0.120890372;37204.55;120750713.15;"2023-12-18T23:59:59.999Z"
"2023-12-17T00:00:00.000Z";"2023-12-17T23:59:59.999Z";"2023-12-17T22:09:00.000Z";"2023-12-17T02:21:00.000Z";"2781";0.0521078884;0.0943632663;0.0364143146;0.0825349348;51957.39;82439586.14;"2023-12-17T23:59:59.999Z"
"2023-12-16T00:00:00.000Z";"2023-12-16T23:59:59.999Z";"2023-12-16T17:52:00.000Z";"2023-12-16T22:52:00.000Z";"2781";0.051615356;0.0844461198;0.0298532277;0.0512986846;27571.03;51239421.68;"2023-12-16T23:59:59.999Z"
"2023-12-15T00:00:00.000Z";"2023-12-15T23:59:59.999Z";"2023-12-15T17:31:00.000Z";"2023-12-15T02:19:00.000Z";"2781";0.0433240137;0.0896519424;0.0250921991;0.0517135975;17996.45;51653855.3;"2023-12-15T23:59:59.999Z"
"2023-12-14T00:00:00.000Z";"2023-12-14T23:59:59.999Z";"2023-12-14T23:48:00.000Z";"2023-12-14T01:58:00.000Z";"2781";0.0186149879;0.0479783735;0.0150345342;0.0434524295;42397.67;43402231;"2023-12-14T23:59:59.999Z"
"2023-12-13T00:00:00.000Z";"2023-12-13T23:59:59.999Z";"2023-12-13T22:06:00.000Z";"2023-12-13T05:13:00.000Z";"2781";0.00733888950788;0.0244840156;0.00311109235124;0.018573675;2911.47;18552217.72;"2023-12-13T23:59:59.999Z"
"2023-12-12T00:00:00.000Z";"2023-12-12T23:59:59.999Z";"2023-12-12T03:57:00.000Z";"2023-12-12T20:06:00.000Z";"2781";0.00984271677404;0.0123449846;0.00477324101148;0.00730676893332;1098.85;7298327.78;"2023-12-12T23:59:59.999Z"
"2023-12-11T00:00:00.000Z";"2023-12-11T23:59:59.999Z";"2023-12-11T23:50:00.000Z";"2023-12-11T02:22:00.000Z";"2781";0.00414041591129;0.0100207134;0.00398994177954;0.00970481914011;9163.58;9693607.64;"2023-12-11T23:59:59.999Z"
"2023-12-10T00:00:00.000Z";"2023-12-10T23:59:59.999Z";"2023-12-10T22:40:00.000Z";"2023-12-10T02:10:00.000Z";"2781";0.00141789235714;0.00564787659863;0.00104218550815;0.00391652016939;3517.36;3911995.61;"2023-12-10T23:59:59.999Z"
"2023-12-09T00:00:00.000Z";"2023-12-09T23:59:59.999Z";"2023-12-09T06:07:00.000Z";"2023-12-09T00:11:00.000Z";"2781";0.00084029188734;0.00349586596653;0.00068045023343;0.00141498347053;1579.11;1413348.81;"2023-12-09T23:59:59.999Z"
"2023-12-08T00:00:00.000Z";"2023-12-08T23:59:59.999Z";"2023-12-08T22:09:00.000Z";"2023-12-08T13:09:00.000Z";"2781";0.00011510404934;0.00222899846238;0.00010446413442;0.00089591666024;914.2;894881.66;"2023-12-08T23:59:59.999Z"
"2023-12-07T00:00:00.000Z";"2023-12-07T23:59:59.999Z";"2023-12-07T00:00:00.000Z";"2023-12-07T19:00:00.000Z";"2781";0.00015497184467;0.00015497184467;0.00009516462856;0.00011510404934;12.47;114971.08;"2023-12-07T23:59:59.999Z"
"2023-12-06T00:00:00.000Z";"2023-12-06T23:59:59.999Z";"2023-12-06T10:30:00.000Z";"2023-12-06T01:01:00.000Z";"2781";0.00012075980227;0.00019625454281;0.00011448971196;0.00015497184467;62.1;154792.82;"2023-12-06T23:59:59.999Z"
"2023-12-05T00:00:00.000Z";"2023-12-05T23:59:59.999Z";"2023-12-05T00:44:00.000Z";"2023-12-05T09:38:00.000Z";"2781";0.00015332448164;0.00015881916757;0.00010440398532;0.00012075980227;100.28;120620.3;"2023-12-05T23:59:59.999Z"
"2023-12-04T00:00:00.000Z";"2023-12-04T23:59:59.999Z";"2023-12-04T08:04:00.000Z";"2023-12-04T16:37:00.000Z";"2781";0.00014922809937;0.00016412440166;0.00012843134444;0.00015332448164;7.68;153147.36;"2023-12-04T23:59:59.999Z"
"2023-12-03T00:00:00.000Z";"2023-12-03T23:59:59.999Z";"2023-12-03T00:07:00.000Z";"2023-12-03T03:23:00.000Z";"2781";0.00022394880682;0.0002255031403;0.00011373522457;0.00014922809937;53.73;149055.71;"2023-12-03T23:59:59.999Z"
"2023-12-02T00:00:00.000Z";"2023-12-02T23:59:59.999Z";"2023-12-02T04:15:00.000Z";"2023-12-02T01:32:00.000Z";"2781";0.00017826322846;0.00026549424644;0.00016835892041;0.0002200901439;426.63;219835.89;"2023-12-02T23:59:59.999Z"
"2023-12-01T00:00:00.000Z";"2023-12-01T23:59:59.999Z";"2023-12-01T05:19:00.000Z";"2023-12-01T02:06:00.000Z";"2781";0.00018844580115;0.00029986152694;0.00015497876411;0.00017826322846;3.13;178057.29;"2023-12-01T23:59:59.999Z"
"2023-11-30T00:00:00.000Z";"2023-11-30T23:59:59.999Z";"2023-11-30T14:40:00.000Z";"2023-11-30T01:46:00.000Z";"2781";0.00016916552872;0.00038043796132;0.00012224545288;0.00018844580115;154.49;188228.1;"2023-11-30T23:59:59.999Z"
"2023-11-29T00:00:00.000Z";"2023-11-29T23:59:59.999Z";"2023-11-29T01:58:00.000Z";"2023-11-29T20:38:00.000Z";"2781";0.00013685570598;0.000209456905;0.00010207655584;0.00016916552872;144.11;168970.1;"2023-11-29T23:59:59.999Z"
"2023-11-28T00:00:00.000Z";"2023-11-28T23:59:59.999Z";"2023-11-28T16:49:00.000Z";"2023-11-28T22:21:00.000Z";"2781";0.00012421107134;0.00021427574633;0.00011206797014;0.00013685570598;21.9;136697.61;"2023-11-28T23:59:59.999Z"
"2023-11-27T00:00:00.000Z";"2023-11-27T23:59:59.999Z";"2023-11-27T03:22:00.000Z";"2023-11-27T19:39:00.000Z";"2781";0.00016114928009;0.0002334018973;0.00009894890685;0.00012421107134;2.48;124067.58;"2023-11-27T23:59:59.999Z"
"2023-11-26T00:00:00.000Z";"2023-11-26T23:59:59.999Z";"2023-11-26T19:06:00.000Z";"2023-11-26T06:23:00.000Z";"2781";0.00011404215546;0.00026719556562;0.00007878822096;0.00015945163707;886.85;159267.44;"2023-11-26T23:59:59.999Z"
"2023-11-25T00:00:00.000Z";"2023-11-25T23:59:59.999Z";"2023-11-25T21:08:00.000Z";"2023-11-25T19:19:00.000Z";"2781";0.00009049177904;0.00016639417154;0.00005099848946;0.00011404215546;5.74;113910.41;"2023-11-25T23:59:59.999Z"
"2023-11-24T00:00:00.000Z";"2023-11-24T23:59:59.999Z";"2023-11-24T11:57:00.000Z";"2023-11-24T03:57:00.000Z";"2781";0.00006336744828;0.00023197759358;0.00003568128577;0.0000913767832;5;91271.23;"2023-11-24T23:59:59.999Z"
"2023-11-23T00:00:00.000Z";"2023-11-23T23:59:59.999Z";"2023-11-23T02:01:00.000Z";"2023-11-23T22:51:00.000Z";"2781";0.00021501974872;0.00029511320976;0.0000475720947;0.00006302963552;25.55;62956.83;"2023-11-23T23:59:59.999Z"
"2023-11-22T00:00:00.000Z";"2023-11-22T23:59:59.999Z";"2023-11-22T06:01:00.000Z";"2023-11-22T00:02:00.000Z";"2781";0.00018081697192;0.00044092510671;0.00017271903611;0.00021472614503;1007.89;214478.09;"2023-11-22T23:59:59.999Z"
"2023-11-21T00:00:00.000Z";"2023-11-21T23:59:59.999Z";"2023-11-21T03:56:00.000Z";"2023-11-21T15:33:00.000Z";"2781";0.00015022767968;0.00026040528269;0.00006717564742;0.00017695884149;718.34;176754.41;"2023-11-21T23:59:59.999Z"